Classe                              ;ArchitecturalRole                        ;
br.gov.se.sefaz.sae.cheqDev.to.baixa.ConfirmarBaixaCheque;UNINDENTIFIED;
br.gov.se.sefaz.sae.cheqDev.to.baixa.BaixarCheqParcelamento;UNINDENTIFIED;
br.gov.se.sefaz.sae.cheqDev.to.alteracao.AlterarChequeDevolvido;UNINDENTIFIED;
br.gov.se.sefaz.sae.cheqDev.to.TransacaoOperacionalBase;UNINDENTIFIED;
br.gov.se.sefaz.sae.cheqDev.to.cadastro.ConfirmarCadastroCheque;UNINDENTIFIED;
br.gov.se.sefaz.sae.cheqDev.to.cadastro.EmitirMensagemConclusaoCadastroCheque;UNINDENTIFIED;
br.gov.se.sefaz.sae.cheqDev.to.baixa.BaixarCheqPago;UNINDENTIFIED;
br.gov.se.sefaz.sae.cheqDev.to.baixa.BaixarChequeDev;UNINDENTIFIED;
br.gov.se.sefaz.sae.cheqDev.to.baixa.ConfirmarBaixaCheqPago;UNINDENTIFIED;
br.gov.se.sefaz.sae.cheqDev.to.cadastro.CadastrarDocsChequeDevolvido;UNINDENTIFIED;
br.gov.se.sefaz.sae.cheqDev.to.TransacaoCheqDevBase;UNINDENTIFIED;
br.gov.se.sefaz.sae.cheqDev.to.alteracao.ConfirmarAlteracaoCheque;UNINDENTIFIED;
br.gov.se.sefaz.sae.cheqDev.to.alteracao.EmitirMensagemConclusaoAlteracaoCheque;UNINDENTIFIED;
br.gov.se.sefaz.sae.cheqDev.to.notificacao.EmitirNotificacaoCheque;UNINDENTIFIED;
br.gov.se.sefaz.sae.cheqDev.to.baixa.BaixarCheqImprocedentePrescricao;UNINDENTIFIED;
br.gov.se.sefaz.sae.cheqDev.to.cadastro.CadastrarChequeDevolvido;UNINDENTIFIED;
br.gov.se.sefaz.sae.concBanc.ng.registro.RegistroZ;UNINDENTIFIED;
br.gov.se.sefaz.sae.concBanc.ng.registro.Registro1;UNINDENTIFIED;
br.gov.se.sefaz.sae.concBanc.ng.registro.RegistroG;UNINDENTIFIED;
br.gov.se.sefaz.sae.concBanc.ng.GerenciadorGNRE;UNINDENTIFIED;
br.gov.se.sefaz.sae.concBanc.ng.registro.RegistroA;UNINDENTIFIED;
br.gov.se.sefaz.sae.concBanc.ng.registro.Registro51D;UNINDENTIFIED;
br.gov.se.sefaz.sae.concBanc.ng.registro.Registro9;UNINDENTIFIED;
br.gov.se.sefaz.sae.concBanc.ng.registro.Registro2;UNINDENTIFIED;
br.gov.se.sefaz.sae.concBanc.ng.GerenciadorRepasse;UNINDENTIFIED;
br.gov.se.sefaz.sae.concBanc.ng.registro.Registro51T;UNINDENTIFIED;
br.gov.se.sefaz.sae.concBanc.ng.GerenciadorConcBancBase;UNINDENTIFIED;
br.gov.se.sefaz.sae.conciliacaoBancaria.to.repasse.GerarArqDASRepasseBB;UNINDENTIFIED;
br.gov.se.sefaz.sae.conciliacaoBancaria.to.repasse.ListarRepasseDia;UNINDENTIFIED;
br.gov.se.sefaz.sae.conciliacaoBancaria.to.repasse.ConsultarDAEsNaoRepassados;UNINDENTIFIED;
br.gov.se.sefaz.sae.conciliacaoBancaria.to.repasse.RegistrarConfirmacaoRepasseFinanceiro;UNINDENTIFIED;
br.gov.se.sefaz.sae.conciliacaoBancaria.to.fechamento.ConfirmaDataFechamento;UNINDENTIFIED;
br.gov.se.sefaz.sae.conciliacaoBancaria.to.repasse.ConfirmaObservacaoRepasse;UNINDENTIFIED;
br.gov.se.sefaz.sae.conciliacaoBancaria.to.repasse.ListarRepasseMesAno;UNINDENTIFIED;
br.gov.se.sefaz.sae.conciliacaoBancaria.to.consulta.ConsultarConfronto;UNINDENTIFIED;
br.gov.se.sefaz.sae.conciliacaoBancaria.to.consultaArquivo.ConsultarArquivos;UNINDENTIFIED;
br.gov.se.sefaz.sae.conciliacaoBancaria.to.pendencia.ConsultarPendenciasRecepcaoEnvioArquivo;UNINDENTIFIED;
br.gov.se.sefaz.sae.conciliacaoBancaria.to.pendencia.BaixarPendenciasCriterio;UNINDENTIFIED;
br.gov.se.sefaz.sae.conciliacaoBancaria.to.base.ConfirmarAlteracaoValorParametro;UNINDENTIFIED;
br.gov.se.sefaz.sae.conciliacaoBancaria.to.consulta.ConsultarDocParcialSemConsolidado;UNINDENTIFIED;
br.gov.se.sefaz.sae.conciliacaoBancaria.to.repasse.ConsultarRepasseDASGNRE;UNINDENTIFIED;
br.gov.se.sefaz.sae.conciliacaoBancaria.to.consulta.ConsultarArrecadacaoMultaFiscal;UNINDENTIFIED;
br.gov.se.sefaz.sae.conciliacaoBancaria.to.consultaArquivo.ConsultarArquivosNaoEnviadosPeloSAE;UNINDENTIFIED;
br.gov.se.sefaz.sae.conciliacaoBancaria.to.fechamento.AlterarDataFechamentoMensal;UNINDENTIFIED;
br.gov.se.sefaz.sae.conciliacaoBancaria.to.fechamento.ConsultarDataFechamentoMensal;UNINDENTIFIED;
br.gov.se.sefaz.sae.conciliacaoBancaria.to.pendencia.ConsultarPendenciasArquivo;UNINDENTIFIED;
br.gov.se.sefaz.sae.conciliacaoBancaria.to.pendencia.HistoricoPendenciasArquivo;UNINDENTIFIED;
br.gov.se.sefaz.sae.conciliacaoBancaria.to.pendencia.ConsultarPendenciasArquivoCriterio;UNINDENTIFIED;
br.gov.se.sefaz.sae.conciliacaoBancaria.to.fechamento.ListarDataFechamentoAberto;UNINDENTIFIED;
br.gov.se.sefaz.sae.conciliacaoBancaria.to.base.GerarNumerosGNRE;UNINDENTIFIED;
br.gov.se.sefaz.sae.conciliacaoBancaria.to.consultaArquivo.ConsultarArquivosEnviadosPeloSAE;UNINDENTIFIED;
br.gov.se.sefaz.sae.conciliacaoBancaria.to.repasse.GerarArqRepasseBB;UNINDENTIFIED;
br.gov.se.sefaz.sae.conciliacaoBancaria.to.base.AlterarValorParametro;UNINDENTIFIED;
br.gov.se.sefaz.sae.conciliacaoBancaria.to.repasse.ConfirmarRepasseFinanceiro;UNINDENTIFIED;
br.gov.se.sefaz.sae.conciliacaoBancaria.to.fechamento.ExcluirDataFechamentoMensal;UNINDENTIFIED;
br.gov.se.sefaz.sae.conciliacaoBancaria.to.repasse.ConsultarRepassePorBancoArrecadacao;UNINDENTIFIED;
br.gov.se.sefaz.sae.conciliacaoBancaria.to.repasse.ExibirDetalheRepasse;UNINDENTIFIED;
br.gov.se.sefaz.sae.conciliacaoBancaria.to.repasse.ListarHistoricoRepasse;UNINDENTIFIED;
br.gov.se.sefaz.sae.conciliacaoBancaria.to.consulta.ConsultarDocsAlteradosRepassados;UNINDENTIFIED;
br.gov.se.sefaz.sae.conciliacaoBancaria.to.fechamento.ListarDataFechamentoMensal;UNINDENTIFIED;
br.gov.se.sefaz.sae.conciliacaoBancaria.to.base.ListarParametrosSAE;UNINDENTIFIED;
br.gov.se.sefaz.sae.conciliacaoBancaria.to.consultaArquivo.ConsultarArquivoPeloNome;UNINDENTIFIED;
br.gov.se.sefaz.sae.conciliacaoBancaria.to.repasse.GerarArqRepasse;UNINDENTIFIED;
br.gov.se.sefaz.sae.conciliacaoBancaria.to.base.GerarNumeroGNRE;UNINDENTIFIED;
br.gov.se.sefaz.sae.conciliacaoBancaria.to.repasse.ConfirmaRepasseFinanceiro;UNINDENTIFIED;
br.gov.se.sefaz.sae.conciliacaoBancaria.to.consultaArquivo.ConsultarArquivosNaoEnviadosPeloBanco;UNINDENTIFIED;
br.gov.se.sefaz.sae.conciliacaoBancaria.to.repasse.ConsultarRepassePorBancoRepasse;UNINDENTIFIED;
br.gov.se.sefaz.sae.conciliacaoBancaria.to.consultaArquivo.ConsultarArquivosEnviadosBanco;UNINDENTIFIED;
br.gov.se.sefaz.sae.conciliacaoBancaria.to.fechamento.ValidarMesAno;UNINDENTIFIED;
br.gov.se.sefaz.sae.conciliacaoBancaria.to.consulta.ConsultarArrecadacaoDia;UNINDENTIFIED;
br.gov.se.sefaz.sae.conciliacaoBancaria.to.fechamento.IncluirDataFechamentoMensal;UNINDENTIFIED;
br.gov.se.sefaz.sae.consultas.to.talonario.ConsultarMovimentacaoTalao;UNINDENTIFIED;
br.gov.se.sefaz.sae.consultas.to.TransacaoTeste;UNINDENTIFIED;
br.gov.se.sefaz.sae.consultas.to.documento.ConsultaAvancadaFiscalizacao;UNINDENTIFIED;
br.gov.se.sefaz.sae.consultas.to.talonario.ConjuntoAbasTalao;UNINDENTIFIED;
br.gov.se.sefaz.sae.consultas.to.ipva.ListarLogIPVA;UNINDENTIFIED;
br.gov.se.sefaz.sae.consultas.to.documento.ItemDetalheDAE;UNINDENTIFIED;
br.gov.se.sefaz.sae.consultas.to.documento.ListarHistoricoDAE;UNINDENTIFIED;
br.gov.se.sefaz.sae.consultas.to.documento.DadosDocumento;UNINDENTIFIED;
br.gov.se.sefaz.sae.consultas.to.concBanc.ListarDocumentoConcBanc;UNINDENTIFIED;
br.gov.se.sefaz.sae.consultas.to.concBanc.ListarDadosAgencia;UNINDENTIFIED;
br.gov.se.sefaz.sae.consultas.to.relatorio.SolicitarRelatorio;UNINDENTIFIED;
br.gov.se.sefaz.sae.consultas.to.documento.ConsultaAvancadaSAE;UNINDENTIFIED;
br.gov.se.sefaz.sae.consultas.to.ipva.ConsultarLog;UNINDENTIFIED;
br.gov.se.sefaz.sae.consultas.to.concBanc.ListarPendenciasBaixadas;UNINDENTIFIED;
br.gov.se.sefaz.sae.consultas.to.contribuinte.ListarPeriodoDocumentosRecolhidos;UNINDENTIFIED;
br.gov.se.sefaz.sae.consultas.to.documento.ConfirmarAtividadeEconomica;UNINDENTIFIED;
br.gov.se.sefaz.sae.consultas.to.talonario.ConsultaAvancadaTalonario;UNINDENTIFIED;
br.gov.se.sefaz.sae.consultas.to.documento.IdentificacaoDoc;UNINDENTIFIED;
br.gov.se.sefaz.sae.consultas.to.talonario.DetalheDAEManual;UNINDENTIFIED;
br.gov.se.sefaz.sae.consultas.to.receita.ConsultarRegraRepasseReceita;UNINDENTIFIED;
br.gov.se.sefaz.sae.consultas.to.TransacaoConsultaBase;UNINDENTIFIED;
br.gov.se.sefaz.sae.consultas.to.documento.ListarPendenciasDoc;UNINDENTIFIED;
br.gov.se.sefaz.sae.consultas.to.repasse.ConsultaRepasseFUNPREV;UNINDENTIFIED;
br.gov.se.sefaz.sae.consultas.to.concBanc.DownloadArquivo;UNINDENTIFIED;
br.gov.se.sefaz.sae.consultas.to.contribuinte.Contribuinte;UNINDENTIFIED;
br.gov.se.sefaz.sae.consultas.to.abasTrans.ExibirDadosCabecalhoAbas;UNINDENTIFIED;
br.gov.se.sefaz.sae.consultas.to.contribuinte.ConsultaArrecadacaoRecolhidos;UNINDENTIFIED;
br.gov.se.sefaz.sae.consultas.to.receita.ConsultarReceitaDetalhada;UNINDENTIFIED;
br.gov.se.sefaz.sae.consultas.to.concBanc.ListarPendenciasEmAberto;UNINDENTIFIED;
br.gov.se.sefaz.sae.consultas.to.documento.ListarAtvdEconCateg;UNINDENTIFIED;
br.gov.se.sefaz.sae.consultas.to.cheqDev.ConsultarCheqDev;UNINDENTIFIED;
br.gov.se.sefaz.sae.consultas.to.cheqDev.ListarHistoricoCheque;UNINDENTIFIED;
br.gov.se.sefaz.sae.consultas.to.concBanc.TransacaoConcBanc;UNINDENTIFIED;
br.gov.se.sefaz.sae.consultas.to.cheqDev.ListarDocumentoCheque;UNINDENTIFIED;
br.gov.se.sefaz.sae.consultas.to.talonario.ConsultarDAEManual;UNINDENTIFIED;
br.gov.se.sefaz.sae.consultas.to.concBanc.ExibirDadosCabecalhoAbas;UNINDENTIFIED;
br.gov.se.sefaz.sae.consultas.to.concBanc.ConjuntoAbas;UNINDENTIFIED;
br.gov.se.sefaz.sae.consultas.to.concBanc.ListarDadosDetalhes;UNINDENTIFIED;
br.gov.se.sefaz.sae.consultas.to.cheqDev.ConsultarDadosIdentificacao;UNINDENTIFIED;
br.gov.se.sefaz.sae.consultas.to.cheqDev.ExibirDadosCabecalhoAbas;UNINDENTIFIED;
br.gov.se.sefaz.sae.consultas.to.documento.ListarDetalheHistoricoDAE_OLD;UNINDENTIFIED;
br.gov.se.sefaz.sae.consultas.to.abasTrans.ConjuntoAbas;UNINDENTIFIED;
br.gov.se.sefaz.sae.consultas.to.concBanc.ListarHistoricoPendencias;UNINDENTIFIED;
br.gov.se.sefaz.sae.consultas.to.outrosOrgaos.ConsultarPagamentosDAEs;UNINDENTIFIED;
br.gov.se.sefaz.sae.consultas.to.contribuinte.ConsultaArrecadacaoARecolher;UNINDENTIFIED;
br.gov.se.sefaz.sae.consultas.to.receita.ConsultarConversaoReceitaSAE;UNINDENTIFIED;
br.gov.se.sefaz.sae.consultas.to.documento.ConjuntoAbasSAE;UNINDENTIFIED;
br.gov.se.sefaz.sae.consultas.to.download.EfetuarDownloadRelatorio;UNINDENTIFIED;
br.gov.se.sefaz.sae.consultas.to.documento.ConjuntoAbasSaePeriodo;UNINDENTIFIED;
br.gov.se.sefaz.sae.consultas.to.ConsultarHistoricoCustodiais;UNINDENTIFIED;
br.gov.se.sefaz.sae.consultas.to.contribuinte.ConsultaArrecadacao;UNINDENTIFIED;
br.gov.se.sefaz.sae.consultas.to.vencimento.ConsultarVencimentoICMS;UNINDENTIFIED;
br.gov.se.sefaz.sae.consultas.to.documento.ListarDetalheHistoricoDAE;UNINDENTIFIED;
br.gov.se.sefaz.sae.consultas.to.talonario.ConsultarHistoricoTalao;UNINDENTIFIED;
br.gov.se.sefaz.sae.consultas.to.documento.AbaBase;UNINDENTIFIED;
br.gov.se.sefaz.sae.consultas.to.cheqDev.ConjuntoAbas;UNINDENTIFIED;
br.gov.se.sefaz.sae.consultas.to.cheqDev.TransacaoCheqDev;UNINDENTIFIED;
br.gov.se.sefaz.sae.consultas.to.talonario.HistoricoDAEManual;UNINDENTIFIED;
br.gov.se.sefaz.sae.consultas.to.ipva.ConsultarPrevisaoArrecIPVA;UNINDENTIFIED;
br.gov.se.sefaz.sae.consultas.to.download.ObterRelatorioDAEMensalRecolhimento;UNINDENTIFIED;
br.gov.se.sefaz.sae.consultas.to.concBanc.ConsultaConcBanc;UNINDENTIFIED;
br.gov.se.sefaz.sae.consultas.to.ObterCodigoBarras;UNINDENTIFIED;
br.gov.se.sefaz.sae.consultas.to.ConsultarDetalheDAE;UNINDENTIFIED;
br.gov.se.sefaz.sae.consultas.to.receita.ConsultarConversaoReceitaHost;UNINDENTIFIED;
br.gov.se.sefaz.sae.custodiais.to.receita.ExcluirReceitaMensagem;UNINDENTIFIED;
br.gov.se.sefaz.sae.custodiais.to.receitaObjetoTipo.AlterarReceitaObjetoTipo;UNINDENTIFIED;
br.gov.se.sefaz.sae.custodiais.to.metasArrecadacao.IncluirMetasArrecadacao;UNINDENTIFIED;
br.gov.se.sefaz.sae.custodiais.to.produtoSAE.ExcluirProdutoSAE;UNINDENTIFIED;
br.gov.se.sefaz.sae.custodiais.to.tipoDocOrigem.ConsultarTipoDocOrigem;UNINDENTIFIED;
br.gov.se.sefaz.sae.custodiais.to.prorrogacaoDae.AlterarProrrogacaoDae;UNINDENTIFIED;
br.gov.se.sefaz.sae.custodiais.to.cotacaoIPVA.IncluirCotacao;UNINDENTIFIED;
br.gov.se.sefaz.sae.custodiais.to.tipoDocumento.ConsultarTipoDocumento;UNINDENTIFIED;
br.gov.se.sefaz.sae.custodiais.to.cotacaoIPVA.ConsultarCotacao;UNINDENTIFIED;
br.gov.se.sefaz.sae.custodiais.to.motivoChequeDev.AlterarMotivoChequeDev;UNINDENTIFIED;
br.gov.se.sefaz.sae.custodiais.to.unidadeTalao.IncluirUnidadeTalao;UNINDENTIFIED;
br.gov.se.sefaz.sae.custodiais.to.grupoReceita.AlterarGrupoReceita;UNINDENTIFIED;
br.gov.se.sefaz.sae.custodiais.to.TransacaoCustodiais;UNINDENTIFIED;
br.gov.se.sefaz.sae.custodiais.to.documentosSolicitacao.IncluirDocumentosSolicitacao;UNINDENTIFIED;
br.gov.se.sefaz.sae.custodiais.to.tipoDesconto.ExcluirTipoDesconto;UNINDENTIFIED;
br.gov.se.sefaz.sae.custodiais.to.tipoDocOrigem.ExcluirTipoDocOrigem;UNINDENTIFIED;
br.gov.se.sefaz.sae.custodiais.to.periodicidadeReceita.IncluirPeriodicidadeReceita;UNINDENTIFIED;
br.gov.se.sefaz.sae.custodiais.to.motivoSituacaoCampo.AlterarMotivoSituacaoCampo;UNINDENTIFIED;
br.gov.se.sefaz.sae.custodiais.to.combSituacaoChequeDev.ConsultarCombSituacaoChequeDev;UNINDENTIFIED;
br.gov.se.sefaz.sae.custodiais.to.valorOrcadoReceita.ConsultarValorOrcadoReceita;UNINDENTIFIED;
br.gov.se.sefaz.sae.custodiais.to.situacaoDoc.AlterarSituacaoDoc;UNINDENTIFIED;
br.gov.se.sefaz.sae.custodiais.to.icmsContribInsc.IcmsContribInscBase;UNINDENTIFIED;
br.gov.se.sefaz.sae.custodiais.to.prorrogacaoDae.IncluirProrrogacaoDae;UNINDENTIFIED;
br.gov.se.sefaz.sae.custodiais.to.documentosSolicitacao.ConsultarDocumentosSolicitacao;UNINDENTIFIED;
br.gov.se.sefaz.sae.custodiais.to.valorOrcadoReceita.ExcluirValorOrcadoReceita;UNINDENTIFIED;
br.gov.se.sefaz.sae.custodiais.to.motivoReceita.AlterarMotivoReceita;UNINDENTIFIED;
br.gov.se.sefaz.sae.custodiais.to.histDataFechamentoMensal.ConsultarHistDataFechamentoMensal;UNINDENTIFIED;
br.gov.se.sefaz.sae.custodiais.to.regimeTributacaoIcms.IncluirRegimeTributacaoICMS;UNINDENTIFIED;
br.gov.se.sefaz.sae.custodiais.to.percentRepasseReceita.IncluirPercentRepasseReceita;UNINDENTIFIED;
br.gov.se.sefaz.sae.custodiais.to.situacaoTalao.ExcluirSituacaoTalao;UNINDENTIFIED;
br.gov.se.sefaz.sae.custodiais.to.situacaoDoc.ExcluirSituacaoDoc;UNINDENTIFIED;
br.gov.se.sefaz.sae.custodiais.to.grupoProduto.IncluirGrupoProduto;UNINDENTIFIED;
br.gov.se.sefaz.sae.custodiais.to.grupoRecolhimento.AlterarGrupoRecolhimento;UNINDENTIFIED;
br.gov.se.sefaz.sae.custodiais.to.entidade.AlterarEntidade;UNINDENTIFIED;
br.gov.se.sefaz.sae.custodiais.to.grupoReceita.ExcluirGrupoReceita;UNINDENTIFIED;
br.gov.se.sefaz.sae.custodiais.to.grupoReceita.ConsultarGrupoReceita;UNINDENTIFIED;
br.gov.se.sefaz.sae.custodiais.to.combSituacaoChequeDev.AlterarCombSituacaoChequeDev;UNINDENTIFIED;
br.gov.se.sefaz.sae.custodiais.to.situacaoTalao.ConsultaSituacaoTalao;UNINDENTIFIED;
br.gov.se.sefaz.sae.custodiais.to.regimeTributacaoIcms.AlterarRegimeTributacaoICMS;UNINDENTIFIED;
br.gov.se.sefaz.sae.custodiais.to.motivoAlteracaoDoc.AlterarMotivoAlteracaoDoc;UNINDENTIFIED;
br.gov.se.sefaz.sae.custodiais.to.tipoDesconto.AlterarTipoDesconto;UNINDENTIFIED;
br.gov.se.sefaz.sae.custodiais.to.formaRecolhimentoICMS.AlterarFormaRecolhimentoICMS;UNINDENTIFIED;
br.gov.se.sefaz.sae.custodiais.to.convenioProduto.AlterarConvenioProduto;UNINDENTIFIED;
br.gov.se.sefaz.sae.custodiais.to.conversaoReceita.ExcluirConversaoReceita;UNINDENTIFIED;
br.gov.se.sefaz.sae.custodiais.to.histDataFechamentoMensal.ExibirHistDatafechamentoMensal;UNINDENTIFIED;
br.gov.se.sefaz.sae.custodiais.to.percentRepasseReceita.ExcluirPercentRepasseReceita;UNINDENTIFIED;
br.gov.se.sefaz.sae.custodiais.to.situacaoDAEManual.ExcluirSituacaoDAEManual;UNINDENTIFIED;
br.gov.se.sefaz.sae.custodiais.to.tipoContribuinteCateg.TipoContribuinteCategBase;UNINDENTIFIED;
br.gov.se.sefaz.sae.custodiais.to.icmsContribNaoInsc.AlterarICMSContribNaoInsc;UNINDENTIFIED;
br.gov.se.sefaz.sae.custodiais.to.conversaoReceita.IncluirConversaoReceita;UNINDENTIFIED;
br.gov.se.sefaz.sae.custodiais.to.periodicidadeApuracao.AlterarPeriodicidadeApuracao;UNINDENTIFIED;
br.gov.se.sefaz.sae.custodiais.to.grupoRecolhimento.ExcluirGrupoRecolhimento;UNINDENTIFIED;
br.gov.se.sefaz.sae.custodiais.to.tipoDesconto.ConsultarTipoDesconto;UNINDENTIFIED;
br.gov.se.sefaz.sae.custodiais.to.situacaoChequeDev.AlterarSituacaoChequeDev;UNINDENTIFIED;
br.gov.se.sefaz.sae.custodiais.to.campoDoc.IncluirCampoDoc;UNINDENTIFIED;
br.gov.se.sefaz.sae.custodiais.to.grupoRecolhimento.ConsultarGrupoRecolhimento;UNINDENTIFIED;
br.gov.se.sefaz.sae.custodiais.to.icmsContribInsc.ExcluirIcmsContribInsc;UNINDENTIFIED;
br.gov.se.sefaz.sae.custodiais.to.metasArrecadacao.AlterarMetasArrecadacao;UNINDENTIFIED;
br.gov.se.sefaz.sae.custodiais.to.receita.ConsultarReceita;UNINDENTIFIED;
br.gov.se.sefaz.sae.custodiais.to.unidadeTalao.AlterarUnidadeTalao;UNINDENTIFIED;
br.gov.se.sefaz.sae.custodiais.to.icmsContribInsc.IncluirIcmsContribInsc;UNINDENTIFIED;
br.gov.se.sefaz.sae.custodiais.to.contaRepasse.AlterarContaRepasse;UNINDENTIFIED;
br.gov.se.sefaz.sae.custodiais.to.tipoSolicitante.ExcluirTipoSolicitante;UNINDENTIFIED;
br.gov.se.sefaz.sae.custodiais.to.motivoAlteracaoDoc.ExcluirMotivoAlteracaoDoc;UNINDENTIFIED;
br.gov.se.sefaz.sae.custodiais.to.regimeTributacaoIcms.ExcluirRegimeTributacaoICMS;UNINDENTIFIED;
br.gov.se.sefaz.sae.custodiais.to.metasArrecadacao.ListarMetasArrecadacao;UNINDENTIFIED;
br.gov.se.sefaz.sae.custodiais.to.motivoDAEManual.AlterarMotivoDAEManual;UNINDENTIFIED;
br.gov.se.sefaz.sae.custodiais.to.grupoProduto.ExcluirGrupoProduto;UNINDENTIFIED;
br.gov.se.sefaz.sae.custodiais.to.conversaoReceita.ConversaoReceitaBase;UNINDENTIFIED;
br.gov.se.sefaz.sae.custodiais.to.convenio.AlterarConvenio;UNINDENTIFIED;
br.gov.se.sefaz.sae.custodiais.to.cotacaoIPVA.ListarCotacao;UNINDENTIFIED;
br.gov.se.sefaz.sae.custodiais.to.situacaoDAEManual.AlterarSituacaoDAEManual;UNINDENTIFIED;
br.gov.se.sefaz.sae.custodiais.to.grupoProduto.AlterarGrupoProduto;UNINDENTIFIED;
br.gov.se.sefaz.sae.custodiais.to.grupoMotivoReceita.ConsultarGrupoMotivoReceita;UNINDENTIFIED;
br.gov.se.sefaz.sae.custodiais.to.entidade.IncluirEntidade;UNINDENTIFIED;
br.gov.se.sefaz.sae.custodiais.to.icmsContribNaoInsc.IncluirICMSContribNaoInsc;UNINDENTIFIED;
br.gov.se.sefaz.sae.custodiais.to.grupoRecolhimento.IncluirGrupoRecolhimento;UNINDENTIFIED;
br.gov.se.sefaz.sae.custodiais.to.tipoDocumento.ExcluirTipoDocumento;UNINDENTIFIED;
br.gov.se.sefaz.sae.custodiais.to.documentosSolicitacao.AlterarDocumentosSolicitacao;UNINDENTIFIED;
br.gov.se.sefaz.sae.custodiais.to.grupoMotivoReceita.IncluirGrupoMotivoReceita;UNINDENTIFIED;
br.gov.se.sefaz.sae.custodiais.to.periodicidadeReceita.AlterarPeriodicidadeReceita;UNINDENTIFIED;
br.gov.se.sefaz.sae.custodiais.to.grupoMotivoReceita.ExcluirGMReceitaMensagem;UNINDENTIFIED;
br.gov.se.sefaz.sae.custodiais.to.campoDoc.ExcluirCampoDoc;UNINDENTIFIED;
br.gov.se.sefaz.sae.custodiais.to.convenio.ConsultarConvenio;UNINDENTIFIED;
br.gov.se.sefaz.sae.custodiais.to.produtoSAE.ConsultarProdutoSAE;UNINDENTIFIED;
br.gov.se.sefaz.sae.custodiais.to.situacaoChequeDev.ExcluirSituacaoChequeDev;UNINDENTIFIED;
br.gov.se.sefaz.sae.custodiais.to.tipoDocumento.IncluirTipoDocumento;UNINDENTIFIED;
br.gov.se.sefaz.sae.custodiais.to.contaRepasse.IncluirContaRepasse;UNINDENTIFIED;
br.gov.se.sefaz.sae.custodiais.to.motivoAlteracaoDoc.ConsultarMotivoAlteracaoDoc;UNINDENTIFIED;
br.gov.se.sefaz.sae.custodiais.to.tipoContribuinteCateg.IncluirTipoContribuinteCateg;UNINDENTIFIED;
br.gov.se.sefaz.sae.custodiais.to.tipoOperacao.IncluirTipoOperacao;UNINDENTIFIED;
br.gov.se.sefaz.sae.custodiais.to.tipoDesconto.IncluirTipoDesconto;UNINDENTIFIED;
br.gov.se.sefaz.sae.custodiais.to.tipoOperacao.AlteracaoTipoOperacao;UNINDENTIFIED;
br.gov.se.sefaz.sae.custodiais.to.pessoaNaoInscrita.AlterarPessoaNaoInscrita;UNINDENTIFIED;
br.gov.se.sefaz.sae.custodiais.to.motivoDAEManual.IncluirMotivoDAEManual;UNINDENTIFIED;
br.gov.se.sefaz.sae.custodiais.to.conversaoReceita.ConsultarConversaoReceita;UNINDENTIFIED;
br.gov.se.sefaz.sae.custodiais.to.receitaObjetoTipo.ExcluirReceitaObjetoTipo;UNINDENTIFIED;
br.gov.se.sefaz.sae.custodiais.to.vencimentoIcms.ConsultarVencimentoIcms;UNINDENTIFIED;
br.gov.se.sefaz.sae.custodiais.to.solicitanteSolic.AlterarSolicitanteSolic;UNINDENTIFIED;
br.gov.se.sefaz.sae.custodiais.to.vencimentoIcms.ExcluirVencimentoIcms;UNINDENTIFIED;
br.gov.se.sefaz.sae.custodiais.to.grupoMotivoReceita.AlterarGrupoMotivoReceita;UNINDENTIFIED;
br.gov.se.sefaz.sae.custodiais.to.receitaObjeto.AlterarReceitaObjeto;UNINDENTIFIED;
br.gov.se.sefaz.sae.custodiais.to.formaRecolhimentoICMS.ExcluirFormaRecolhimentoMensagem;UNINDENTIFIED;
br.gov.se.sefaz.sae.custodiais.to.tipoContribuinteCateg.AlterarTipoContribuinteCateg;UNINDENTIFIED;
br.gov.se.sefaz.sae.custodiais.to.receita.AlterarReceita;UNINDENTIFIED;
br.gov.se.sefaz.sae.custodiais.to.regimeTributacaoIcms.ConsultarRegimeTributacaoICMS;UNINDENTIFIED;
br.gov.se.sefaz.sae.custodiais.to.metasArrecadacao.ExcluirMetasArrecadacao;UNINDENTIFIED;
br.gov.se.sefaz.sae.custodiais.to.cotacaoIPVA.AlterarCotacao;UNINDENTIFIED;
br.gov.se.sefaz.sae.custodiais.to.metasArrecadacao.ConsultarMetasArrecadacao;UNINDENTIFIED;
br.gov.se.sefaz.sae.custodiais.to.tipoDocumentoSituacao.IncluirTipoDocumentoSituacao;UNINDENTIFIED;
br.gov.se.sefaz.sae.custodiais.to.tipoContribuinteCateg.ExcluirTipoContribuinteCateg;UNINDENTIFIED;
br.gov.se.sefaz.sae.custodiais.to.formaRecolhimentoICMS.ExcluirFormaRecolhimentoICMS;UNINDENTIFIED;
br.gov.se.sefaz.sae.custodiais.to.receita.IncluirReceita;UNINDENTIFIED;
br.gov.se.sefaz.sae.custodiais.to.situacaoDAEManual.ConsultarSituacaoDAEManual;UNINDENTIFIED;
br.gov.se.sefaz.sae.custodiais.to.combSituacaoChequeDev.ExcluirCombSituacaoChequeDev;UNINDENTIFIED;
br.gov.se.sefaz.sae.custodiais.to.vencimentoIcms.AlterarVencimentoIcms;UNINDENTIFIED;
br.gov.se.sefaz.sae.custodiais.to.grupoReceita.GrupoReceitaBase;UNINDENTIFIED;
br.gov.se.sefaz.sae.custodiais.to.objetoReferencia.ConsultarObjetoReferencia;UNINDENTIFIED;
br.gov.se.sefaz.sae.custodiais.to.solicitanteSolic.ConsultarSolicitanteSolic;UNINDENTIFIED;
br.gov.se.sefaz.sae.custodiais.to.vencimentoIcms.IncluirVencimentoIcms;UNINDENTIFIED;
br.gov.se.sefaz.sae.custodiais.to.motivoTalao.ConsultarMotivoTalao;UNINDENTIFIED;
br.gov.se.sefaz.sae.custodiais.to.periodicidadeApuracao.ExcluirPeriodicidadeApuracao;UNINDENTIFIED;
br.gov.se.sefaz.sae.custodiais.to.situacaoDAEManual.IncluirSituacaoDAEManual;UNINDENTIFIED;
br.gov.se.sefaz.sae.custodiais.to.tipoDesconto.TipoDescontoBase;UNINDENTIFIED;
br.gov.se.sefaz.sae.custodiais.to.empresasCourrier.IncluirEmpresasCourrier;UNINDENTIFIED;
br.gov.se.sefaz.sae.custodiais.to.prorrogacaoDae.ExcluirProrrogacaoDae;UNINDENTIFIED;
br.gov.se.sefaz.sae.custodiais.to.conversaoReceita.AlterarConversaoReceita;UNINDENTIFIED;
br.gov.se.sefaz.sae.custodiais.to.situacaoChequeDev.IncluirSituacaoChequeDev;UNINDENTIFIED;
br.gov.se.sefaz.sae.custodiais.to.situacaoTalao.AlterarSituacaoTalao;UNINDENTIFIED;
br.gov.se.sefaz.sae.custodiais.to.motivoReceita.ExcluirMotivoReceita;UNINDENTIFIED;
br.gov.se.sefaz.sae.custodiais.to.motivoSituacaoCampo.ExcluirMotivoSituacaoCampo;UNINDENTIFIED;
br.gov.se.sefaz.sae.custodiais.to.situacaoDoc.IncluirSituacaoDoc;UNINDENTIFIED;
br.gov.se.sefaz.sae.custodiais.to.motivoChequeDev.ExcluirMotivoChequeDev;UNINDENTIFIED;
br.gov.se.sefaz.sae.custodiais.to.solicitanteSolic.IncluirSolicitanteSolic;UNINDENTIFIED;
br.gov.se.sefaz.sae.custodiais.to.combSituacaoChequeDev.IncluirCombSituacaoChequeDev;UNINDENTIFIED;
br.gov.se.sefaz.sae.custodiais.to.entidade.ListarEntidade;UNINDENTIFIED;
br.gov.se.sefaz.sae.custodiais.to.valorOrcadoReceita.AlterarValorOrcadoReceita;UNINDENTIFIED;
br.gov.se.sefaz.sae.custodiais.to.formaRecolhimentoICMS.IncluirFormaRecolhimentoICMS;UNINDENTIFIED;
br.gov.se.sefaz.sae.custodiais.to.campoDoc.AlterarCampoDoc;UNINDENTIFIED;
br.gov.se.sefaz.sae.custodiais.to.motivoSituacaoCampo.IncluirMotivoSituacaoCampo;UNINDENTIFIED;
br.gov.se.sefaz.sae.custodiais.to.formaRecolhimentoICMS.ConsultarFormaRecolhimentoICMS;UNINDENTIFIED;
br.gov.se.sefaz.sae.custodiais.to.contaRepasse.ListarContaRepasse;UNINDENTIFIED;
br.gov.se.sefaz.sae.custodiais.to.motivoDAEManual.ExcluirMotivoDAEManual;UNINDENTIFIED;
br.gov.se.sefaz.sae.custodiais.to.unidadeTalao.ExcluirUnidadeTalao;UNINDENTIFIED;
br.gov.se.sefaz.sae.custodiais.to.objetoReferencia.IncluirObjetoReferencia;UNINDENTIFIED;
br.gov.se.sefaz.sae.custodiais.to.percentCalculoReceita.ExcluirPercentCalculoReceita;UNINDENTIFIED;
br.gov.se.sefaz.sae.custodiais.to.grupoReceita.IncluirGrupoReceita;UNINDENTIFIED;
br.gov.se.sefaz.sae.custodiais.to.motivoAlteracaoDoc.IncluirMotivoAlteracaoDoc;UNINDENTIFIED;
br.gov.se.sefaz.sae.custodiais.to.periodicidadeApuracao.IncluirPeriodicidadeApuracao;UNINDENTIFIED;
br.gov.se.sefaz.sae.custodiais.to.grupoProduto.ConsultarGrupoProduto;UNINDENTIFIED;
br.gov.se.sefaz.sae.custodiais.to.entidade.ExcluirEntidadeMensagem;UNINDENTIFIED;
br.gov.se.sefaz.sae.custodiais.to.icmsContribInsc.AlterarIcmsContribInsc;UNINDENTIFIED;
br.gov.se.sefaz.sae.custodiais.to.vencimentoIcms.VencimentoIcmsBase;UNINDENTIFIED;
br.gov.se.sefaz.sae.custodiais.to.motivoTalao.ExcluirMotivoTalao;UNINDENTIFIED;
br.gov.se.sefaz.sae.custodiais.to.solicitanteSolic.ExcluirSolicitanteSolic;UNINDENTIFIED;
br.gov.se.sefaz.sae.custodiais.to.tipoDocOrigem.IncluirTipoDocOrigem;UNINDENTIFIED;
br.gov.se.sefaz.sae.custodiais.to.tipoSolicitante.ConsultarTipoSolicitante;UNINDENTIFIED;
br.gov.se.sefaz.sae.custodiais.to.motivoSituacaoCampo.MotivoSituacaoCampoBase;UNINDENTIFIED;
br.gov.se.sefaz.sae.custodiais.to.tipoDocOrigem.AlterarTipoDocOrigem;UNINDENTIFIED;
br.gov.se.sefaz.sae.custodiais.to.tipoDocumentoSituacao.AlterarTipoDocumentoSituacao;UNINDENTIFIED;
br.gov.se.sefaz.sae.custodiais.to.objetoReferencia.ExcluirObjetoReferencia;UNINDENTIFIED;
br.gov.se.sefaz.sae.custodiais.to.entidade.ExcluirEntidade;UNINDENTIFIED;
br.gov.se.sefaz.sae.custodiais.to.empresasCourrier.AlterarEmpresasCourrier;UNINDENTIFIED;
br.gov.se.sefaz.sae.custodiais.to.motivoReceita.IncluirMotivoReceita;UNINDENTIFIED;
br.gov.se.sefaz.sae.custodiais.to.receitaObjetoTipo.IncluirReceitaObjetoTipo;UNINDENTIFIED;
br.gov.se.sefaz.sae.custodiais.to.motivoReceita.ConsultarMotivoReceita;UNINDENTIFIED;
br.gov.se.sefaz.sae.custodiais.to.periodicidadeReceita.PeriodicidadeReceitaBase;UNINDENTIFIED;
br.gov.se.sefaz.sae.custodiais.to.situacaoDoc.ConsultarSituacaoDoc;UNINDENTIFIED;
br.gov.se.sefaz.sae.custodiais.to.tipoSolicitante.IncluirTipoSolicitante;UNINDENTIFIED;
br.gov.se.sefaz.sae.custodiais.to.motivoChequeDev.ConsultarMotivoChequeDev;UNINDENTIFIED;
br.gov.se.sefaz.sae.custodiais.to.situacaoChequeDev.ConsultarSituacaoChequeDev;UNINDENTIFIED;
br.gov.se.sefaz.sae.custodiais.to.percentRepasseReceita.AlterarPercentRepasseReceita;UNINDENTIFIED;
br.gov.se.sefaz.sae.custodiais.to.tipoOperacao.ConsultarTipoOperacao;UNINDENTIFIED;
br.gov.se.sefaz.sae.custodiais.to.convenioProduto.ExcluirConvenioProduto;UNINDENTIFIED;
br.gov.se.sefaz.sae.custodiais.to.convenioProduto.IncluirConvenioProduto;UNINDENTIFIED;
br.gov.se.sefaz.sae.custodiais.to.produtoSAE.IncluirProdutoSAE;UNINDENTIFIED;
br.gov.se.sefaz.sae.custodiais.to.tipoOperacao.ExcluirTipoOperacao;UNINDENTIFIED;
br.gov.se.sefaz.sae.custodiais.to.tipoSolicitante.AlterarTipoSolicitante;UNINDENTIFIED;
br.gov.se.sefaz.sae.custodiais.to.pessoaNaoInscrita.ValidarPessoaNaoInscrita;UNINDENTIFIED;
br.gov.se.sefaz.sae.custodiais.to.receita.ListarReceita;UNINDENTIFIED;
br.gov.se.sefaz.sae.custodiais.to.valorOrcadoReceita.IncluirValorOrcadoReceita;UNINDENTIFIED;
br.gov.se.sefaz.sae.custodiais.to.campoDoc.ConsultarCampoDoc;UNINDENTIFIED;
br.gov.se.sefaz.sae.custodiais.to.icmsContribNaoInsc.ExcluirICMSContribNaoInsc;UNINDENTIFIED;
br.gov.se.sefaz.sae.custodiais.to.produtoSAE.AlterarProdutoSAE;UNINDENTIFIED;
br.gov.se.sefaz.sae.custodiais.to.periodicidadeReceita.ExcluirPeriodicidadeReceita;UNINDENTIFIED;
br.gov.se.sefaz.sae.custodiais.to.grupoMotivoReceita.ExcluirGrupoMotivoReceita;UNINDENTIFIED;
br.gov.se.sefaz.sae.custodiais.to.motivoTalao.AlterarMotivoTalao;UNINDENTIFIED;
br.gov.se.sefaz.sae.custodiais.to.situacaoTalao.IncluirSituacaoTalao;UNINDENTIFIED;
br.gov.se.sefaz.sae.custodiais.to.pessoaNaoInscrita.ListarPessoaNaoInscritaGNRE;UNINDENTIFIED;
br.gov.se.sefaz.sae.custodiais.to.empresasCourrier.ExcluirEmpresasCourrier;UNINDENTIFIED;
br.gov.se.sefaz.sae.custodiais.to.motivoChequeDev.IncluirMotivoChequeDev;UNINDENTIFIED;
br.gov.se.sefaz.sae.custodiais.to.grupoProduto.ListarGrupoProduto;UNINDENTIFIED;
br.gov.se.sefaz.sae.custodiais.to.receita.ExcluirReceita;UNINDENTIFIED;
br.gov.se.sefaz.sae.custodiais.to.tipoDocumento.AlterarTipoDocumento;UNINDENTIFIED;
br.gov.se.sefaz.sae.custodiais.to.tipoDocumentoSituacao.ExcluirTipoDocumentoSituacao;UNINDENTIFIED;
br.gov.se.sefaz.sae.custodiais.to.periodicidadeApuracao.ConsultarPeriodicidadeApuracao;UNINDENTIFIED;
br.gov.se.sefaz.sae.custodiais.to.percentCalculoReceita.PercentCalculoReceitaBase;UNINDENTIFIED;
br.gov.se.sefaz.sae.custodiais.to.convenio.IncluirConvenio;UNINDENTIFIED;
br.gov.se.sefaz.sae.custodiais.to.objetoReferencia.AlterarObjetoReferencia;UNINDENTIFIED;
br.gov.se.sefaz.sae.custodiais.to.receitaObjeto.ReceitaObjetoBase;UNINDENTIFIED;
br.gov.se.sefaz.sae.custodiais.to.documentosSolicitacao.ExcluirDocumentosSolicitacao;UNINDENTIFIED;
br.gov.se.sefaz.sae.custodiais.to.receitaObjeto.ExcluirReceitaObjeto;UNINDENTIFIED;
br.gov.se.sefaz.sae.custodiais.to.prorrogacaoDae.ConsultarProrrogacaoDae;UNINDENTIFIED;
br.gov.se.sefaz.sae.custodiais.to.motivoTalao.IncluirMotivoTalao;UNINDENTIFIED;
br.gov.se.sefaz.sae.custodiais.to.percentCalculoReceita.IncluirPercentCalculoReceita;UNINDENTIFIED;
br.gov.se.sefaz.sae.custodiais.to.receitaObjeto.IncluirReceitaObjeto;UNINDENTIFIED;
br.gov.se.sefaz.sae.custodiais.to.receitaObjetoTipo.ReceitaObjetoTipoBase;UNINDENTIFIED;
br.gov.se.sefaz.sae.custodiais.to.grupoRecolhimento.ExcluirGRecolhimentoMensagem;UNINDENTIFIED;
br.gov.se.sefaz.sae.custodiais.to.percentCalculoReceita.AlterarPercentCalculoReceita;UNINDENTIFIED;
br.gov.se.sefaz.sae.custodiais.to.convenio.ExcluirConvenio;UNINDENTIFIED;
br.gov.se.sefaz.sae.custodiais.to.histDataFechamentoMensal.ListarHistDataFechamentoMensal;UNINDENTIFIED;
br.gov.se.sefaz.sae.dao.IPVA.DAOIPVASQLBean;UNINDENTIFIED;
br.gov.se.sefaz.sae.dao.isencaoTributos.DAOIsencaoTributosSQLBean;UNINDENTIFIED;
br.gov.se.sefaz.sae.dao.custodiais.DAOSAESQLBean;UNINDENTIFIED;
br.gov.se.sefaz.sae.dao.docarrecadacao.DAODocArrecadacaoSQLBean;UNINDENTIFIED;
br.gov.se.sefaz.sae.emissaoDAE.to.daeAvulso.GerarItemIMPEXPContribInscrito;UNINDENTIFIED;
br.gov.se.sefaz.sae.emissaoDAE.to.psdi.CalcularPSDI;UNINDENTIFIED;
br.gov.se.sefaz.sae.emissaoDAE.to.especial.GerarItemReceitaOutrosOrgaosConfirmar;UNINDENTIFIED;
br.gov.se.sefaz.sae.emissaoDAE.to.especial.contribuinteNaoInscrito.GerarItemReceitaOutrosOrgaos;UNINDENTIFIED;
br.gov.se.sefaz.sae.emissaoDAE.to.daeAvulso.GerarItemReceitaExtraOrcamentaria;UNINDENTIFIED;
br.gov.se.sefaz.sae.emissaoDAE.to.especial.contribuinteNaoInscrito.EmitirDaeEspecialContribuinte;UNINDENTIFIED;
br.gov.se.sefaz.sae.emissaoDAE.to.viaEletronicaDAEManual.ConsultarContribuinteDAEManual;UNINDENTIFIED;
br.gov.se.sefaz.sae.emissaoDAE.to.chequeDevolvido.ConsultarContribuinteRegCheque;UNINDENTIFIED;
br.gov.se.sefaz.sae.emissaoDAE.to.especial.GerarItemImportacaoConfirmar;UNINDENTIFIED;
br.gov.se.sefaz.sae.emissaoDAE.to.especial.GerarItemMultaFiscal;UNINDENTIFIED;
br.gov.se.sefaz.sae.emissaoDAE.to.especial.contribuinteNaoInscrito.EmitirDAEEspecialContribuinteNaoInscrito;UNINDENTIFIED;
br.gov.se.sefaz.sae.emissaoDAE.to.sit.EmitirDAEsSIT;UNINDENTIFIED;
br.gov.se.sefaz.sae.emissaoDAE.to.especial.ExcluirItem;UNINDENTIFIED;
br.gov.se.sefaz.sae.emissaoDAE.to.sit.EmitirDAEMensal;UNINDENTIFIED;
br.gov.se.sefaz.sae.emissaoDAE.to.especial.GerarItemReceitaNaoTributariaConfirmar;UNINDENTIFIED;
br.gov.se.sefaz.sae.emissaoDAE.to.especial.GerarItemReceitaOutrosOrgaos;UNINDENTIFIED;
br.gov.se.sefaz.sae.emissaoDAE.to.antecipacaoMensal.substituicao.InserirItemAntecipacaoMensal;UNINDENTIFIED;
br.gov.se.sefaz.sae.emissaoDAE.to.especial.GerarItemPSDI;UNINDENTIFIED;
br.gov.se.sefaz.sae.emissaoDAE.to.especial.AlterarItem;UNINDENTIFIED;
br.gov.se.sefaz.sae.emissaoDAE.to.daeAvulso.GerarItemICMSContribuinteNaoInscrito;UNINDENTIFIED;
br.gov.se.sefaz.sae.emissaoDAE.to.especial.contribuinteNaoInscrito.MontarCabecalhoEmissaoDAE;UNINDENTIFIED;
br.gov.se.sefaz.sae.emissaoDAE.to.especial.GerarItemICMSConfirmar;UNINDENTIFIED;
br.gov.se.sefaz.sae.emissaoDAE.to.chequeDevolvido.GerarItemReguralizacaoChequeDevolvido;UNINDENTIFIED;
br.gov.se.sefaz.sae.emissaoDAE.to.antecipacaoMensal.reemissao.ReemitirAntecipacaoMensal;UNINDENTIFIED;
br.gov.se.sefaz.sae.emissaoDAE.to.viaEletronicaDAEManual.contribuinteNaoInscrito.IncluirItemICMS;UNINDENTIFIED;
br.gov.se.sefaz.sae.emissaoDAE.to.antecipacaoMensal.substituicao.ListarItensAntecipacaoMensal;UNINDENTIFIED;
br.gov.se.sefaz.sae.emissaoDAE.to.daeAvulso.ExcluirItemDAE;UNINDENTIFIED;
br.gov.se.sefaz.sae.emissaoDAE.to.especial.GerarItemReceitaExtraOrc;UNINDENTIFIED;
br.gov.se.sefaz.sae.emissaoDAE.to.reemissao.ConsultarDAEReemissao;UNINDENTIFIED;
br.gov.se.sefaz.sae.emissaoDAE.to.daeAvulso.contribuinteInscrito.AlterarItemDAE;UNINDENTIFIED;
br.gov.se.sefaz.sae.emissaoDAE.to.daeAvulso.MontarCabecalhoEmissaoDAE;UNINDENTIFIED;
br.gov.se.sefaz.sae.emissaoDAE.to.especial.contribuinteInscrito.EmitirDAEContribuinteInscrito;UNINDENTIFIED;
br.gov.se.sefaz.sae.emissaoDAE.to.especial.contribuinteNaoInscrito.ExcluirItemDAE;UNINDENTIFIED;
br.gov.se.sefaz.sae.emissaoDAE.to.especial.contribuinteInscrito.AlterarItem;UNINDENTIFIED;
br.gov.se.sefaz.sae.emissaoDAE.to.especial.contribuinteNaoInscrito.GerarItemReceitaOutrosOrgaosConfirmar;UNINDENTIFIED;
br.gov.se.sefaz.sae.emissaoDAE.to.sit.EmitirDAESIT;UNINDENTIFIED;
br.gov.se.sefaz.sae.emissaoDAE.to.daeAvulso.contribuinteNaoInscrito.AlterarItemDAE;UNINDENTIFIED;
br.gov.se.sefaz.sae.emissaoDAE.to.itd.GerarItemITD;UNINDENTIFIED;
br.gov.se.sefaz.sae.emissaoDAE.to.daeAvulso.GerarItemReceitaOutrosOrgaos;UNINDENTIFIED;
br.gov.se.sefaz.sae.emissaoDAE.to.reemissao.ReemitirDAEInternet;UNINDENTIFIED;
br.gov.se.sefaz.sae.emissaoDAE.to.daeAvulso.AlterarItemDAE;UNINDENTIFIED;
br.gov.se.sefaz.sae.emissaoDAE.to.TransacaoEmissaoDAE;UNINDENTIFIED;
br.gov.se.sefaz.sae.emissaoDAE.to.especial.contribuinteNaoInscrito.GerarItemMultaFiscal;UNINDENTIFIED;
br.gov.se.sefaz.sae.emissaoDAE.to.daeAvulso.EmitirDAEContribuinteNaoInscrito;UNINDENTIFIED;
br.gov.se.sefaz.sae.emissaoDAE.to.daeAvulso.GerarItemICMSContribuinteInscrito;UNINDENTIFIED;
br.gov.se.sefaz.sae.emissaoDAE.to.especial.GerarItemTaxaConfirmar;UNINDENTIFIED;
br.gov.se.sefaz.sae.emissaoDAE.to.especial.ExibirMenuEmissaoDAE;UNINDENTIFIED;
br.gov.se.sefaz.sae.emissaoDAE.to.daeAvulso.ConsultarContribuinteDAEManual;UNINDENTIFIED;
br.gov.se.sefaz.sae.emissaoDAE.to.especial.GerarDAEEspecial;UNINDENTIFIED;
br.gov.se.sefaz.sae.emissaoDAE.to.especial.GerarItemMultaFiscalConfirmar;UNINDENTIFIED;
br.gov.se.sefaz.sae.emissaoDAE.to.daeAvulso.GerarItemMultaFiscal;UNINDENTIFIED;
br.gov.se.sefaz.sae.emissaoDAE.to.FormatarImpressaoDAE;UNINDENTIFIED;
br.gov.se.sefaz.sae.emissaoDAE.to.especial.GerarItemImportacao;UNINDENTIFIED;
br.gov.se.sefaz.sae.emissaoDAE.to.viaEletronicaDAEManual.contribuinteInscrito.IncluirItemICMS;UNINDENTIFIED;
br.gov.se.sefaz.sae.emissaoDAE.to.antecipacaoMensal.substituicao.ExluirItemAntecipacaoMensal;UNINDENTIFIED;
br.gov.se.sefaz.sae.emissaoDAE.to.reemissao.EmitirDAEInternet;UNINDENTIFIED;
br.gov.se.sefaz.sae.emissaoDAE.to.daeAvulso.contribuinteNaoInscrito.ExcluirItemDAE;UNINDENTIFIED;
br.gov.se.sefaz.sae.emissaoDAE.to.itd.ConsultarContribuinte;UNINDENTIFIED;
br.gov.se.sefaz.sae.emissaoDAE.to.especial.MontarCabecalhoEmissaoDAE;UNINDENTIFIED;
br.gov.se.sefaz.sae.emissaoDAE.to.daeAvulso.EmitirDAEAvulso;UNINDENTIFIED;
br.gov.se.sefaz.sae.emissaoDAE.to.antecipacaoMensal.substituicao.SubstituirAntecipacaoMensal;UNINDENTIFIED;
br.gov.se.sefaz.sae.emissaoDAE.to.especial.GerarItemReceitaNaoTributaria;UNINDENTIFIED;
br.gov.se.sefaz.sae.emissaoDAE.to.especial.contribuinteNaoInscrito.GerarItemMultaFiscalConfirmar;UNINDENTIFIED;
br.gov.se.sefaz.sae.emissaoDAE.to.daeAvulso.contribuinteNaoInscrito.IncluirItemICMS;UNINDENTIFIED;
br.gov.se.sefaz.sae.emissaoDAE.to.daeAvulso.GerarItemTaxa;UNINDENTIFIED;
br.gov.se.sefaz.sae.emissaoDAE.to.especial.itcmd.ConsultarContribuinteITCMD;UNINDENTIFIED;
br.gov.se.sefaz.sae.emissaoDAE.to.antecipacaoMensal.reemissao.AlterarAntecipacaoMensal;UNINDENTIFIED;
br.gov.se.sefaz.sae.emissaoDAE.to.daeAvulso.contribuinteInscrito.EmitirDAEContribuinteInscrito;UNINDENTIFIED;
br.gov.se.sefaz.sae.emissaoDAE.to.daeAvulso.contribuinteInscrito.IncluirItemICMS;UNINDENTIFIED;
br.gov.se.sefaz.sae.emissaoDAE.to.daeAvulso.contribuinteNaoInscrito.EmitirDAEContribuinteNaoInscrito;UNINDENTIFIED;
br.gov.se.sefaz.sae.emissaoDAE.to.sit.AlterarDAEMensal;UNINDENTIFIED;
br.gov.se.sefaz.sae.emissaoDAE.to.especial.contribuinteNaoInscrito.ExibirDAEAvulso;UNINDENTIFIED;
br.gov.se.sefaz.sae.emissaoDAE.to.daeAvulso.GerarItemPSDI;UNINDENTIFIED;
br.gov.se.sefaz.sae.emissaoDAE.to.especial.contribuinteNaoInscrito.AlterarItemDAE;UNINDENTIFIED;
br.gov.se.sefaz.sae.emissaoDAE.to.daeAvulso.contribuinteInscrito.ExcluirItemDAE;UNINDENTIFIED;
br.gov.se.sefaz.sae.emissaoDAE.to.daeAvulso.GerarItemReceitaNaoTributaria;UNINDENTIFIED;
br.gov.se.sefaz.sae.emissaoDAE.to.daeAvulso.ExibirDAEAvulso;UNINDENTIFIED;
br.gov.se.sefaz.sae.emissaoDAE.to.especial.contribuinteNaoInscrito.IncluirItemICMS;UNINDENTIFIED;
br.gov.se.sefaz.sae.emissaoDAE.to.reemissao.GerarReemissaoDAESIT;UNINDENTIFIED;
br.gov.se.sefaz.sae.emissaoDAE.to.antecipacaoMensal.reemissao.PreencherDAEPopUp;UNINDENTIFIED;
br.gov.se.sefaz.sae.emissaoDAE.to.especial.GerarItemTaxa;UNINDENTIFIED;
br.gov.se.sefaz.sae.emissaoDAE.to.especial.contribuinteNaoInscrito.GerarItemIcmsContribuinteNaoInscrito;UNINDENTIFIED;
br.gov.se.sefaz.sae.emissaoDAE.to.outrosOrgaos.GerarDAEOutrosOrgaos;UNINDENTIFIED;
br.gov.se.sefaz.sae.emissaoDAE.to.especial.GerarItemReceitaExtraOrcConfirmar;UNINDENTIFIED;
br.gov.se.sefaz.sae.emissaoDAE.to.especial.GerarItemPSDIConfirmar;UNINDENTIFIED;
br.gov.se.sefaz.sae.emissaoDAE.to.especial.contribuinteInscrito.IncluirItemICMS;UNINDENTIFIED;
br.gov.se.sefaz.sae.emissaoDAE.to.especial.ImprimirDAE;UNINDENTIFIED;
br.gov.se.sefaz.sae.emissaoDAE.to.especial.itcmd.GerarITCMD;UNINDENTIFIED;
br.gov.se.sefaz.sae.emissaoDAE.to.reemissao.GerarItemDAEITCMD;UNINDENTIFIED;
br.gov.se.sefaz.sae.emissaoDAE.to.reemissao.ReemitirDAE;UNINDENTIFIED;
br.gov.se.sefaz.sae.emissaoDAE.to.reemissao.EmitirDAE;UNINDENTIFIED;
br.gov.se.sefaz.sae.emissaoDAE.to.daeAvulso.EmitirDAEEspecialContribuinte;UNINDENTIFIED;
br.gov.se.sefaz.sae.emissaoDAE.to.antecipacaoMensal.substituicao.AlterarItemAntecipacaoMensal;UNINDENTIFIED;
br.gov.se.sefaz.sae.emissaoDAE.to.reemissao.ReemitirDAEITCMD;UNINDENTIFIED;
br.gov.se.sefaz.sae.emissaoDAE.to.reemissao.ReemissaoDAESIT;UNINDENTIFIED;
br.gov.se.sefaz.sae.emissaoDAE.to.especial.contribuinteNaoInscrito.GerarItemIcmsContribuinteNaoInscritoConfirmar;UNINDENTIFIED;
br.gov.se.sefaz.sae.emissaoDAE.to.daeAvulso.EmitirDAEAvulsoSAP;UNINDENTIFIED;
br.gov.se.sefaz.sae.emissaoDAE.to.daeAvulso.GerarItemIMPEXPContribNaoInscrito;UNINDENTIFIED;
br.gov.se.sefaz.sae.emissaoDAE.to.especial.contribuinteInscrito.ExcluirItem;UNINDENTIFIED;
br.gov.se.sefaz.sae.emissaoDAE.to.reemissao.ListarDAEReemissao;UNINDENTIFIED;
br.gov.se.sefaz.sae.emissaoDAE.to.especial.GerarItemICMS;UNINDENTIFIED;
br.gov.se.sefaz.sae.emissaoDAE.to.daeAvulso.GerarItemICMSContribuinteNaoInscritoConfirmar;UNINDENTIFIED;
br.gov.se.sefaz.sae.isencaoTributos.to.ICMS.AtenderSolicitacaoAutorizadaFinal;UNINDENTIFIED;
br.gov.se.sefaz.sae.isencaoTributos.to.IPVA.AtenderSolicitacaoEmAnaliseFinal;UNINDENTIFIED;
br.gov.se.sefaz.sae.isencaoTributos.to.IPVA.EfetuarSolicitacaoIsencaoIPVAFinal;UNINDENTIFIED;
br.gov.se.sefaz.sae.isencaoTributos.to.IPVA.EfetuarSolicitacaoIsencaoIPVAInicio;UNINDENTIFIED;
br.gov.se.sefaz.sae.isencaoTributos.to.certidaoIPVA.ConsultarCertidaoRegularidadeIPVA;UNINDENTIFIED;
br.gov.se.sefaz.sae.isencaoTributos.to.ICMS.AtenderSolicitacaoEmAnaliseInicio;UNINDENTIFIED;
br.gov.se.sefaz.sae.isencaoTributos.to.IPVA.AtenderSolicitacaoSubmetidaInicio;UNINDENTIFIED;
br.gov.se.sefaz.sae.isencaoTributos.to.IPVA.EfetuarRenovacaoIsencaoIPVAFinal;UNINDENTIFIED;
br.gov.se.sefaz.sae.isencaoTributos.to.IncluirPermissaoModelo;UNINDENTIFIED;
br.gov.se.sefaz.sae.isencaoTributos.to.abas.ConjuntoAbasIsencaoTributos;UNINDENTIFIED;
br.gov.se.sefaz.sae.isencaoTributos.to.ICMS.AtenderSolicitacaoAguardRegularizacaoFinal;UNINDENTIFIED;
br.gov.se.sefaz.sae.isencaoTributos.to.certidaoIPVA.EmitirCertidaoNegativa;UNINDENTIFIED;
br.gov.se.sefaz.sae.isencaoTributos.to.TransacaoIsencaoTributosBase;UNINDENTIFIED;
br.gov.se.sefaz.sae.isencaoTributos.to.ICMS.AtenderSolicitacaoAguardFiscalizacaoFinal;UNINDENTIFIED;
br.gov.se.sefaz.sae.isencaoTributos.to.IPVA.EfetuarSolicitacaoIPVAFinalBase;UNINDENTIFIED;
br.gov.se.sefaz.sae.isencaoTributos.to.listar.ConsultarDocumentos;UNINDENTIFIED;
br.gov.se.sefaz.sae.isencaoTributos.to.baixa.BaixaIsencao;UNINDENTIFIED;
br.gov.se.sefaz.sae.isencaoTributos.to.ICMS.AtenderSolicitacaoEmAnaliseFinal;UNINDENTIFIED;
br.gov.se.sefaz.sae.isencaoTributos.to.ICMS.AtenderSolicitacaoAguardFiscalizacaoInicio;UNINDENTIFIED;
br.gov.se.sefaz.sae.isencaoTributos.to.IPVA.AtenderRenovacaoSubmetidaFinal;UNINDENTIFIED;
br.gov.se.sefaz.sae.isencaoTributos.to.IPVA.EfetuarSolicitacaoIsencaoIPVAInicio_Intranet;UNINDENTIFIED;
br.gov.se.sefaz.sae.isencaoTributos.to.ICMS.AtenderSolicitacaoAguardVeiculoFinal;UNINDENTIFIED;
br.gov.se.sefaz.sae.isencaoTributos.to.IPVA.EfetuarSolicitacaoIsencaoIPVAInicioBase;UNINDENTIFIED;
br.gov.se.sefaz.sae.isencaoTributos.to.alterar.AlterarIsencaoVeiculo;UNINDENTIFIED;
br.gov.se.sefaz.sae.isencaoTributos.to.InserirTpSolicitanteIsencaoPorData;UNINDENTIFIED;
br.gov.se.sefaz.sae.isencaoTributos.to.IPVA.EfetuarSolicitacaoImunidadeIPVAInicio;UNINDENTIFIED;
br.gov.se.sefaz.sae.isencaoTributos.to.ICMS.EfetuarSolicitacaoIsencaoICMSInicio;UNINDENTIFIED;
br.gov.se.sefaz.sae.isencaoTributos.to.IPVA.EfetuarRenovacaoIsencaoIPVAInicio;UNINDENTIFIED;
br.gov.se.sefaz.sae.isencaoTributos.to.abas.DetalheIsencaoAba;UNINDENTIFIED;
br.gov.se.sefaz.sae.isencaoTributos.to.certidaoIPVA.CertidaoBase;UNINDENTIFIED;
br.gov.se.sefaz.sae.isencaoTributos.to.IPVA.EfetuarSolicitacaoImunidadeIPVAFinal;UNINDENTIFIED;
br.gov.se.sefaz.sae.isencaoTributos.to.IPVA.AtenderSolicitacaoIPVAPentendeFinal;UNINDENTIFIED;
br.gov.se.sefaz.sae.isencaoTributos.to.consulta.ConsultaAvancadaIsencaoTributos;UNINDENTIFIED;
br.gov.se.sefaz.sae.isencaoTributos.to.IPVA.AtenderSolicitacaoEmAnaliseInicio;UNINDENTIFIED;
br.gov.se.sefaz.sae.isencaoTributos.to.ICMS.AtenderSolicitacaoAguardVeiculoInicio;UNINDENTIFIED;
br.gov.se.sefaz.sae.isencaoTributos.to.listar.ListarSolicitacoesReemissao;UNINDENTIFIED;
br.gov.se.sefaz.sae.isencaoTributos.to.ICMS.AtenderSolicitacaoAutorizadaInicio;UNINDENTIFIED;
br.gov.se.sefaz.sae.isencaoTributos.to.listar.ListarIsencoesAlteracao;UNINDENTIFIED;
br.gov.se.sefaz.sae.isencaoTributos.to.emitir.EmitirTermoResponsabilidade;UNINDENTIFIED;
br.gov.se.sefaz.sae.isencaoTributos.to.IPVA.AtenderSolicitacaoIPVAPendenteInicio;UNINDENTIFIED;
br.gov.se.sefaz.sae.isencaoTributos.to.ICMS.AtendimentoComSucessoICMSRelatorio;UNINDENTIFIED;
br.gov.se.sefaz.sae.isencaoTributos.to.IPVA.AtenderRenovacaoSubmetidaInicio;UNINDENTIFIED;
br.gov.se.sefaz.sae.isencaoTributos.to.IPVA.AtenderSolicitacaoSubmetidaFinal;UNINDENTIFIED;
br.gov.se.sefaz.sae.isencaoTributos.to.IPVA.EfetuarSolicitacaoIsencaoIPVAFinal_Intranet;UNINDENTIFIED;
br.gov.se.sefaz.sae.isencaoTributos.to.ICMS.AlterarSolicitacaoFinal;UNINDENTIFIED;
br.gov.se.sefaz.sae.isencaoTributos.to.ICMS.EfetuarSolicitacaoIsencaoICMSFinal;UNINDENTIFIED;
br.gov.se.sefaz.sae.isencaoTributos.to.ICMS.AtenderSolicitacaoAguardRegularizacaoInicio;UNINDENTIFIED;
br.gov.se.sefaz.sae.isencaoTributos.to.ICMS.AtenderSolicitacaoSubmetidaFinal;UNINDENTIFIED;
br.gov.se.sefaz.sae.isencaoTributos.to.listar.ReemitirAutorizacaoICMS;UNINDENTIFIED;
br.gov.se.sefaz.sae.isencaoTributos.to.abas.AbasIsencaoTributos;UNINDENTIFIED;
br.gov.se.sefaz.sae.isencaoTributos.to.ICMS.AtenderSolicitacaoSubmetidaInicio;UNINDENTIFIED;
br.gov.se.sefaz.sae.ne.EntidadeTipoDesconto;UNINDENTIFIED;
br.gov.se.sefaz.sae.ne.EntidadeValorIpva;UNINDENTIFIED;
br.gov.se.sefaz.sae.ne.CodigoBarrasDAE;UNINDENTIFIED;
br.gov.se.sefaz.sae.ne.EntidadeDebitosIpvaVeiculo;UNINDENTIFIED;
br.gov.se.sefaz.sae.ne.EntidadeFonte;UNINDENTIFIED;
br.gov.se.sefaz.sae.ne.EntidadeTalonario;UNINDENTIFIED;
br.gov.se.sefaz.sae.ne.EntidadeDescontoIpvaAnual;UNINDENTIFIED;
br.gov.se.sefaz.sae.ne.EntidadeTipoDocumento;UNINDENTIFIED;
br.gov.se.sefaz.sae.ne.EntidadeCotacao;UNINDENTIFIED;
br.gov.se.sefaz.sae.ne.EntidadeMotivoDevolucaoCheque;UNINDENTIFIED;
br.gov.se.sefaz.sae.ne.EntidadeSituacaoTalao;UNINDENTIFIED;
br.gov.se.sefaz.sae.ne.DbaDocumentoBase;UNINDENTIFIED;
br.gov.se.sefaz.sae.ne.EntidadeConvenioProdutoGNRE;UNINDENTIFIED;
br.gov.se.sefaz.sae.ne.EntidadeICMSContribNaoInsc;UNINDENTIFIED;
br.gov.se.sefaz.sae.ne.EntidadeObjetoReferencia;UNINDENTIFIED;
br.gov.se.sefaz.sae.ne.EntidadeVencimentoICMS;UNINDENTIFIED;
br.gov.se.sefaz.sae.ne.EntidadeTipoOperacao;UNINDENTIFIED;
br.gov.se.sefaz.sae.ne.EntidadeDataFechamentoMensal;UNINDENTIFIED;
br.gov.se.sefaz.sae.ne.EntidadeCampoDoc;UNINDENTIFIED;
br.gov.se.sefaz.sae.ne.EntidadeSituacaoDAEManual;UNINDENTIFIED;
br.gov.se.sefaz.sae.ne.UnidadePessoa;UNINDENTIFIED;
br.gov.se.sefaz.sae.ne.EntidadeContaRepasse;UNINDENTIFIED;
br.gov.se.sefaz.sae.ne.DipDetalheIPVA;UNINDENTIFIED;
br.gov.se.sefaz.sae.ne.EntidadeHistUnidadeTalao;UNINDENTIFIED;
br.gov.se.sefaz.sae.ne.EntidadeContaBancaria;UNINDENTIFIED;
br.gov.se.sefaz.sae.ne.EntidadeTransacoes;UNINDENTIFIED;
br.gov.se.sefaz.sae.ne.EntidadeVeiculos;UNINDENTIFIED;
br.gov.se.sefaz.sae.ne.EntidadeVeiculoIpva;UNINDENTIFIED;
br.gov.se.sefaz.sae.ne.EntidadeICMSContribInsc;UNINDENTIFIED;
br.gov.se.sefaz.sae.ne.CreConversaoReceita;UNINDENTIFIED;
br.gov.se.sefaz.sae.ne.EntidadeMetasArrecadacao;UNINDENTIFIED;
br.gov.se.sefaz.sae.ne.EntidadeDocumentosSolicitacao;UNINDENTIFIED;
br.gov.se.sefaz.sae.ne.GNRE;UNINDENTIFIED;
br.gov.se.sefaz.sae.ne.EntidadeReceita;UNINDENTIFIED;
br.gov.se.sefaz.sae.ne.EntidadeUnidadeTalao;UNINDENTIFIED;
br.gov.se.sefaz.sae.ne.EntidadePercentCalculoReceita;UNINDENTIFIED;
br.gov.se.sefaz.sae.ne.EntidadeCalendarioAnual;UNINDENTIFIED;
br.gov.se.sefaz.sae.ne.EntidadeCombSituacaoCheqDev;UNINDENTIFIED;
br.gov.se.sefaz.sae.ne.EntidadeIpvaAntecipado;UNINDENTIFIED;
br.gov.se.sefaz.sae.ne.EntidadeModelo;UNINDENTIFIED;
br.gov.se.sefaz.sae.ne.EntidadeCotacaoIPVA;UNINDENTIFIED;
br.gov.se.sefaz.sae.ne.RedRepasseDoc;UNINDENTIFIED;
br.gov.se.sefaz.sae.ne.EntidadeRegimeTributacao;UNINDENTIFIED;
br.gov.se.sefaz.sae.ne.EntidadeHistDataFechamentoMensal;UNINDENTIFIED;
br.gov.se.sefaz.sae.ne.EntidadeIpvaAtualizado;UNINDENTIFIED;
br.gov.se.sefaz.sae.ne.EntidadeHistoricoCheqDev;UNINDENTIFIED;
br.gov.se.sefaz.sae.ne.EntidadeProdutoSAE;UNINDENTIFIED;
br.gov.se.sefaz.sae.ne.EntidadeDescontoModelo;UNINDENTIFIED;
br.gov.se.sefaz.sae.ne.EntidadeConvenio;UNINDENTIFIED;
br.gov.se.sefaz.sae.ne.EntidadePercentRepasseReceita;UNINDENTIFIED;
br.gov.se.sefaz.sae.ne.EntidadeCertidaoRegulaIPVA;UNINDENTIFIED;
br.gov.se.sefaz.sae.ne.EntidadeDoctoSolicitanteSolic;UNINDENTIFIED;
br.gov.se.sefaz.sae.ne.SidSituacaoDoc;UNINDENTIFIED;
br.gov.se.sefaz.sae.ne.PendenciaArquivo;UNINDENTIFIED;
br.gov.se.sefaz.sae.ne.EntidadeHistFechamentoArrec;UNINDENTIFIED;
br.gov.se.sefaz.sae.ne.ValorCampoLayout;UNINDENTIFIED;
br.gov.se.sefaz.sae.ne.EntidadeCredora;UNINDENTIFIED;
br.gov.se.sefaz.sae.ne.ChdChequeDevolvido;UNINDENTIFIED;
br.gov.se.sefaz.sae.ne.DalDocArrecLegado;UNINDENTIFIED;
br.gov.se.sefaz.sae.ne.EntidadeMotivoDAEManual;UNINDENTIFIED;
br.gov.se.sefaz.sae.ne.DedDetalheDAE;UNINDENTIFIED;
br.gov.se.sefaz.sae.ne.EntidadeExcecaoValidacao;UNINDENTIFIED;
br.gov.se.sefaz.sae.ne.EntidadeTipoContribCateg;UNINDENTIFIED;
br.gov.se.sefaz.sae.ne.EntidadeGrupoProduto;UNINDENTIFIED;
br.gov.se.sefaz.sae.ne.EntidadeVeiculoDetran;UNINDENTIFIED;
br.gov.se.sefaz.sae.ne.PendenciaArquivoSAE;UNINDENTIFIED;
br.gov.se.sefaz.sae.ne.RecolhimentoDAE;UNINDENTIFIED;
br.gov.se.sefaz.sae.ne.EntidadeIpvIpvaVeiculo;UNINDENTIFIED;
br.gov.se.sefaz.sae.ne.EntidadeMotivoAlteracaoDoc;UNINDENTIFIED;
br.gov.se.sefaz.sae.ne.EntidadePeriodicidadeApuracao;UNINDENTIFIED;
br.gov.se.sefaz.sae.ne.EntidadeAutorizacaoCalculoIpv;UNINDENTIFIED;
br.gov.se.sefaz.sae.ne.HistoricoRepasse;UNINDENTIFIED;
br.gov.se.sefaz.sae.ne.EntidadeTipoDocumentoSituacao;UNINDENTIFIED;
br.gov.se.sefaz.sae.ne.EntidadeVeiculo;UNINDENTIFIED;
br.gov.se.sefaz.sae.ne.EntidadeGrupoRecolhimento;UNINDENTIFIED;
br.gov.se.sefaz.sae.ne.EntidadeTipoSolicitante;UNINDENTIFIED;
br.gov.se.sefaz.sae.ne.EntidadeIsencaoVeiculo;UNINDENTIFIED;
br.gov.se.sefaz.sae.ne.RestricaoTO;UNINDENTIFIED;
br.gov.se.sefaz.sae.ne.EntidadeGrupoReceita;UNINDENTIFIED;
br.gov.se.sefaz.sae.ne.EntidadeIpvaVeiculoNovo;UNINDENTIFIED;
br.gov.se.sefaz.sae.ne.DAL;UNINDENTIFIED;
br.gov.se.sefaz.sae.ne.EntidadeEmpresaCourrier;UNINDENTIFIED;
br.gov.se.sefaz.sae.ne.EntidadeMotivoTalao;UNINDENTIFIED;
br.gov.se.sefaz.sae.ne.EntidadeTipoDocOrigem;UNINDENTIFIED;
br.gov.se.sefaz.sae.ne.EntidadeFormaRecolhimento;UNINDENTIFIED;
br.gov.se.sefaz.sae.ne.EntidadeRepFinanceiro;UNINDENTIFIED;
br.gov.se.sefaz.sae.ne.EntidadeGrupoMotivoReceita;UNINDENTIFIED;
br.gov.se.sefaz.sae.ne.EntidadeFabricante;UNINDENTIFIED;
br.gov.se.sefaz.sae.ne.EntidadeIpvaVeiculo;UNINDENTIFIED;
br.gov.se.sefaz.sae.ne.DaeDocumentoArrecadacao;UNINDENTIFIED;
br.gov.se.sefaz.sae.ne.DplDocPendenciaLegado;UNINDENTIFIED;
br.gov.se.sefaz.sae.ne.EntidadeMotivoReceita;UNINDENTIFIED;
br.gov.se.sefaz.sae.ne.EntidadeVeiculoDetranNova;UNINDENTIFIED;
br.gov.se.sefaz.sae.ne.HidHistoricoDAE;UNINDENTIFIED;
br.gov.se.sefaz.sae.ne.EntidadePessoaNaoInscrita;UNINDENTIFIED;
br.gov.se.sefaz.sae.ne.EntidadeProrrogacaoDae;UNINDENTIFIED;
br.gov.se.sefaz.sae.ne.EntidadeConversaoReceita;UNINDENTIFIED;
br.gov.se.sefaz.sae.ne.EntidadeDAEManual;UNINDENTIFIED;
br.gov.se.sefaz.sae.ne.EntidadeHistoricoVeiculoIpva;UNINDENTIFIED;
br.gov.se.sefaz.sae.ne.CodigoBarrasGNRE;UNINDENTIFIED;
br.gov.se.sefaz.sae.ne.EntidadeSituacaoDoc;UNINDENTIFIED;
br.gov.se.sefaz.sae.ne.EntidadeSituacaoChequeDev;UNINDENTIFIED;
br.gov.se.sefaz.sae.ne.EntidadeHistorico;UNINDENTIFIED;
br.gov.se.sefaz.sae.ne.RegistroDadosDocMensagem;UNINDENTIFIED;
br.gov.se.sefaz.sae.ng.GerenciadorBase;UNINDENTIFIED;
br.gov.se.sefaz.sae.ng.GerenciadorGNRE;UNINDENTIFIED;
br.gov.se.sefaz.sae.ng.GerenciadorCustodiais;UNINDENTIFIED;
br.gov.se.sefaz.sae.ng.GerenciadorDocArrecadacao;UNINDENTIFIED;
br.gov.se.sefaz.sae.ng.GerenciadorIntegracao;UNINDENTIFIED;
br.gov.se.sefaz.sae.ng.GerenciadorTalonario;UNINDENTIFIED;
br.gov.se.sefaz.sae.ng.GerenciadorIPVA;UNINDENTIFIED;
br.gov.se.sefaz.sae.ng.GerenciadorConsulta;UNINDENTIFIED;
br.gov.se.sefaz.sae.ng.GerenciadorCheqDev;UNINDENTIFIED;
br.gov.se.sefaz.sae.ng.GerenciadorIsencaoTributos;UNINDENTIFIED;
br.gov.se.sefaz.sae.ng.GerenciadorMantab;UNINDENTIFIED;
br.gov.se.sefaz.sae.ng.GerenciadorOperacional;UNINDENTIFIED;
br.gov.se.sefaz.sae.oper.to.alteracao.regularizarDAEDuplicado.ConfirmarRegularizacaoDAEDuplicado;UNINDENTIFIED;
br.gov.se.sefaz.sae.oper.to.prescricao.PrescreverDocumentoPeloNumero;UNINDENTIFIED;
br.gov.se.sefaz.sae.oper.to.alteracao.dadosConcBanc.ConsultarDadosConciliacaoBancaria;UNINDENTIFIED;
br.gov.se.sefaz.sae.oper.to.exclusao.ConsultarDadosExcluirDoc;UNINDENTIFIED;
br.gov.se.sefaz.sae.oper.to.inclusao.gnre.ConsultarDadosIncluirGNRE;UNINDENTIFIED;
br.gov.se.sefaz.sae.oper.to.alteracao.dataArrecDAE.AlterarDataArrecadacaoDAE;UNINDENTIFIED;
br.gov.se.sefaz.sae.oper.to.alteracao.dar.AlterarDAR;UNINDENTIFIED;
br.gov.se.sefaz.sae.oper.to.alteracao.formaRecolhimento.AlterarFormaRecolhimento;UNINDENTIFIED;
br.gov.se.sefaz.sae.oper.to.cancelamento.dae.CancelarDAEPeloNumero;UNINDENTIFIED;
br.gov.se.sefaz.sae.oper.to.inclusao.itemDae.ItemDAEConfirmar;UNINDENTIFIED;
br.gov.se.sefaz.sae.oper.to.desmembramento.das.TransacaoDesmembramento;UNINDENTIFIED;
br.gov.se.sefaz.sae.oper.to.alteracao.dadosConcBanc.ConfirmarRetiradaDadosConciliacaoBancaria;UNINDENTIFIED;
br.gov.se.sefaz.sae.oper.to.alteracao.viaEletronica.ExcluirDAEManualViaEletronica;UNINDENTIFIED;
br.gov.se.sefaz.sae.oper.to.AlterarHorarioVerao;UNINDENTIFIED;
br.gov.sefaz.se.sae.oper.to.substituicao.SubstituirDAE;UNINDENTIFIED;
br.gov.se.sefaz.sae.oper.to.alteracao.itemDAE.AlterarItemDAE;UNINDENTIFIED;
br.gov.se.sefaz.sae.oper.to.desmembramento.das.IncluirItemDocDesmembram;UNINDENTIFIED;
br.gov.se.sefaz.sae.oper.to.alteracao.gnre.AlterarGNRE;UNINDENTIFIED;
br.gov.se.sefaz.sae.oper.to.prescricao.ConsultarDocumentoPrescricao;UNINDENTIFIED;
br.gov.se.sefaz.sae.oper.to.alteracao.dataArrecGNRE.AlterarDataArrecadacaoGNRE;UNINDENTIFIED;
br.gov.se.sefaz.sae.oper.to.baixaPendenciaContrib.ValidaBaixaPendenciaContrib;UNINDENTIFIED;
br.gov.se.sefaz.sae.oper.to.inclusao.gnre.IncluirGNRE;UNINDENTIFIED;
br.gov.se.sefaz.sae.oper.to.inclusao.gnre.IncluirGNREConfirmar;UNINDENTIFIED;
br.gov.se.sefaz.sae.oper.to.alteracao.dataArrecGNRE.InformarDataArrecadacao;UNINDENTIFIED;
br.gov.se.sefaz.sae.oper.to.CadastrarVencimentoICMS;UNINDENTIFIED;
br.gov.se.sefaz.sae.oper.to.desmembramento.gnre.DesmembrarGNRE;UNINDENTIFIED;
br.gov.se.sefaz.sae.oper.to.desmembramento.das.SelecionarItemDocDesmembram;UNINDENTIFIED;
br.gov.se.sefaz.sae.oper.to.alteracao.dataRepasse.AlterarDataRepasseDAE;UNINDENTIFIED;
br.gov.se.sefaz.sae.oper.to.desmembramento.das.AlterarDASDesmembramento;UNINDENTIFIED;
br.gov.se.sefaz.sae.oper.to.cancelamento.dar.ConsultarDARCancelamento;UNINDENTIFIED;
br.gov.se.sefaz.sae.oper.to.desmembramento.dae.ConfirmarDesmembrarDAE;UNINDENTIFIED;
br.gov.se.sefaz.sae.oper.to.cadastro.conta.InserirContaBancaria;UNINDENTIFIED;
br.gov.se.sefaz.sae.oper.to.inclusao.itemDae.InserirItemDAE;UNINDENTIFIED;
br.gov.se.sefaz.sae.oper.to.alteracao.viaEletronica.SelecionarItemDAEManualViaEletronica;UNINDENTIFIED;
br.gov.se.sefaz.sae.oper.to.desmembramento.das.ConfirmarDesmembramentoDAS;UNINDENTIFIED;
br.gov.se.sefaz.sae.oper.to.desmembramento.itemDae.InserirItemDesmembramentoDAE;UNINDENTIFIED;
br.gov.se.sefaz.sae.oper.to.desmembramento.itemDae.ListarItensDesmembramentoDAE;UNINDENTIFIED;
br.gov.se.sefaz.sae.oper.to.cancelamento.dae.InformarMotivoCancelamentoDocumento;UNINDENTIFIED;
br.gov.se.sefaz.sae.oper.to.alteracao.dataRepasse.ConfirmarAlteracaoDataRepasseDAE;UNINDENTIFIED;
br.gov.se.sefaz.sae.oper.to.alteracao.formaRecolhimento.AlterarItemFormaRecolhimento;UNINDENTIFIED;
br.gov.se.sefaz.sae.oper.to.alteracao.dadosConcBanc.ConfirmarAlteracaoDadosConciliacaoBancaria;UNINDENTIFIED;
br.gov.se.sefaz.sae.oper.to.desmembramento.das.DesmembrarDAS;UNINDENTIFIED;
br.gov.se.sefaz.sae.oper.to.cancelamento.dar.CancelarDARPeloNumero;UNINDENTIFIED;
br.gov.se.sefaz.sae.oper.to.alteracao.dataRepasse.ConsultarDadosAlteracaoDataRepasse;UNINDENTIFIED;
br.gov.se.sefaz.sae.oper.to.alteracao.formaRecolhimento.AlterarFormaRecolhimentoConfirmar;UNINDENTIFIED;
br.gov.se.sefaz.sae.oper.to.desmembramento.gnre.ConfirmarDesmembramentoGNRE;UNINDENTIFIED;
br.gov.se.sefaz.sae.oper.to.exclusao.ExcluirDoc;UNINDENTIFIED;
br.gov.se.sefaz.sae.oper.to.alteracao.itemDAE.ListarDAEAlteracao;UNINDENTIFIED;
br.gov.se.sefaz.sae.oper.to.alteracao.dae.SelecionarItemDAE;UNINDENTIFIED;
br.gov.se.sefaz.sae.oper.to.alteracao.viaEletronica.AlterarItensDAEManualViaEletronica;UNINDENTIFIED;
br.gov.se.sefaz.sae.oper.to.desmembramento.gnre.ListarDesmembramentoGNRE;UNINDENTIFIED;
br.gov.se.sefaz.sae.oper.to.inclusao.itemDae.ListarItensDAE;UNINDENTIFIED;
br.gov.se.sefaz.sae.oper.to.alteracao.dadosConcBanc.AlterarDadosConciliacaoBancaria;UNINDENTIFIED;
br.gov.se.sefaz.sae.oper.to.baixaPendenciaContrib.BaixarPendenciaContrib;UNINDENTIFIED;
br.gov.se.sefaz.sae.oper.to.cancelamento.dae.ConsultarDAECancelamento;UNINDENTIFIED;
br.gov.se.sefaz.sae.oper.to.alteracao.inscricaoEstadual.ConsultarDadosAlteracaoInscricao;UNINDENTIFIED;
br.gov.se.sefaz.sae.oper.to.alteracao.dae.AlterarItensDAE;UNINDENTIFIED;
br.gov.se.sefaz.sae.oper.to.desmembramento.dae.CancelarDesmembrarDAE;UNINDENTIFIED;
br.gov.se.sefaz.sae.oper.to.alteracao.dataArrecDAS.InformarDataArrecadacaoDAS;UNINDENTIFIED;
br.gov.se.sefaz.sae.oper.to.desmembramento.dae.ExcluirItemDesmembramentoDAE;UNINDENTIFIED;
br.gov.se.sefaz.sae.oper.to.alteracao.viaEletronica.AlterarViaEletronicaDAEManual;UNINDENTIFIED;
br.gov.se.sefaz.sae.oper.to.alteracao.dataArrecDAS.AlterarDataArrecadacaoDAS;UNINDENTIFIED;
br.gov.se.sefaz.sae.oper.to.alteracao.regularizarDAEDuplicado.ConsultarDAEDuplicado;UNINDENTIFIED;
br.gov.se.sefaz.sae.oper.to.alteracao.docOrigem.AlterarDocOrigem;UNINDENTIFIED;
br.gov.se.sefaz.sae.oper.to.desmembramento.dae.DesmembrarDAE;UNINDENTIFIED;
br.gov.se.sefaz.sae.oper.to.alteracao.dar.AlterarDARConfirmar;UNINDENTIFIED;
br.gov.se.sefaz.sae.oper.to.alteracao.gnre.ConsultarDadosGNRE;UNINDENTIFIED;
br.gov.se.sefaz.sae.oper.to.inclusao.itemDae.ConsultarIncluirDAE;UNINDENTIFIED;
br.gov.se.sefaz.sae.oper.to.alteracao.regularizarDAEDuplicado.RegularizarDAEDuplicado;UNINDENTIFIED;
br.gov.se.sefaz.sae.oper.to.alteracao.dae.AlterarDAE;UNINDENTIFIED;
br.gov.se.sefaz.sae.oper.to.alteracao.dataArrecDAE.InformarDataArrecadacaoDAE;UNINDENTIFIED;
br.gov.se.sefaz.sae.oper.to.alteracao.gnre.AlterarGNREConfirmar;UNINDENTIFIED;
br.gov.sefaz.se.sae.oper.to.substituicao.ConfirmarSubstituicaoDAE;UNINDENTIFIED;
br.gov.se.sefaz.sae.oper.to.alteracao.docOrigem.AlterarItensDAEDocOrigem;UNINDENTIFIED;
br.gov.se.sefaz.sae.oper.to.alteracao.docOrigem.SelecionarItemDAEDocOrigem;UNINDENTIFIED;
br.gov.se.sefaz.sae.oper.to.desmembramento.das.ListarDesmembramentoDAS;UNINDENTIFIED;
br.gov.se.sefaz.sae.oper.to.desmembramento.itemDae.DesmembrarItemDAE;UNINDENTIFIED;
br.gov.se.sefaz.sae.oper.to.alteracao.itemDAE.ListarItemsDAE;UNINDENTIFIED;
br.gov.se.sefaz.sae.oper.to.cancelamento.dae.ObterDAEParaCancelamento;UNINDENTIFIED;
br.gov.se.sefaz.sae.oper.to.desmembramento.gnre.AlterarGNREDesmembramento;UNINDENTIFIED;
br.gov.se.sefaz.sae.oper.to.desmembramento.gnre.AlterarGNREDesmembramentoConfirmar;UNINDENTIFIED;
br.gov.se.sefaz.sae.oper.to.desmembramento.itemDae.DesmembrarItemDAEConfirmar;UNINDENTIFIED;
br.gov.se.sefaz.sae.oper.to.desmembramento.das.ConcluirDesmembramDoc;UNINDENTIFIED;
br.gov.se.sefaz.sae.oper.to.alteracao.inscricaoEstadual.ConfirmarAlteracaoDadosInscricaoEstadual;UNINDENTIFIED;
br.gov.se.sefaz.sae.oper.to.desmembramento.itemDae.AlterarItemDesmembramentoDAE;UNINDENTIFIED;
br.gov.se.sefaz.sae.oper.to.desmembramento.das.AlterarDASDesmembramentoConfirmar;UNINDENTIFIED;
br.gov.se.sefaz.sae.oper.to.alteracao.itemDAE.ConsultarItemDAE;UNINDENTIFIED;
br.gov.se.sefaz.sae.oper.to.alteracao.formaRecolhimento.ListarItensFormaRecolhimento;UNINDENTIFIED;
br.gov.se.sefaz.sae.oper.to.cadastro.conta.CadastrarContaBancaria;UNINDENTIFIED;
br.gov.se.sefaz.sae.oper.to.TransacaoOperacional;UNINDENTIFIED;
br.gov.se.sefaz.sae.oper.to.alteracao.dar.ConsultarDadosDAR;UNINDENTIFIED;
br.gov.se.sefaz.sae.oper.to.alteracao.inscricaoEstadual.AlterarDadosInscricaoEstadual;UNINDENTIFIED;
br.gov.se.sefaz.sae.oper.to.cancelamento.dae.ConfirmarCancelamentoDocumento;UNINDENTIFIED;
br.gov.se.sefaz.sae.talonario.to.excluirViaEletronica.ConfirmaExclusaoViaEletronica;UNINDENTIFIED;
br.gov.se.sefaz.sae.talonario.to.reemitirTermo.ReemitirTermo;UNINDENTIFIED;
br.gov.se.sefaz.sae.talonario.to.emitirTermoTransporteTalao.ListarUnidadeComTalaoDistribuido;UNINDENTIFIED;
br.gov.se.sefaz.sae.talonario.to.devolverTalao.ConfirmarDevolucaoTalao;UNINDENTIFIED;
br.gov.se.sefaz.sae.talonario.to.alterar.ValidarAlteracaoTalao;UNINDENTIFIED;
br.gov.se.sefaz.sae.talonario.to.devolverTalao.ListarTalaoDistribuidoUnidade;UNINDENTIFIED;
br.gov.se.sefaz.sae.talonario.to.emitirTermoEntregaTalao.ListarRegiaoComTalaoDistribuido;UNINDENTIFIED;
br.gov.se.sefaz.sae.talonario.to.repassarTalao.ConfirmaRepasseTalao;UNINDENTIFIED;
br.gov.se.sefaz.sae.talonario.to.devolverTalao.ConfirmaDevolucaoTalaoComMotivo;UNINDENTIFIED;
br.gov.se.sefaz.sae.talonario.to.emitirTermoTransporteTalao.ConfirmarEmissoTermoUnidade;UNINDENTIFIED;
br.gov.se.sefaz.sae.talonario.to.cancelarDAEManual.ListarTaloesUnidadeSupervisor;UNINDENTIFIED;
br.gov.se.sefaz.sae.talonario.to.reativarDAEManualCancelado.ConsultaDAEParaReativacaoCancelado;UNINDENTIFIED;
br.gov.se.sefaz.sae.talonario.to.repassarTalao.ListarTalaoRepasse;UNINDENTIFIED;
br.gov.se.sefaz.sae.talonario.to.repasse.RegistrarRepasseTalao;UNINDENTIFIED;
br.gov.se.sefaz.sae.talonario.to.repasse.RepassarTalao;UNINDENTIFIED;
br.gov.se.sefaz.sae.talonario.to.repasse.ConfirmaRepassarTalao;UNINDENTIFIED;
br.gov.se.sefaz.sae.talonario.to.ValidarNumeroDAEManual;UNINDENTIFIED;
br.gov.se.sefaz.sae.talonario.to.baixarDAEManual.ListarDAEsParaBaixa;UNINDENTIFIED;
br.gov.se.sefaz.sae.talonario.to.alterar.ValidarCorrecaoTalaoDAEManual;UNINDENTIFIED;
br.gov.se.sefaz.sae.talonario.to.cadastrarTalao.CadastrarTalao;UNINDENTIFIED;
br.gov.se.sefaz.sae.talonario.to.cadastrarTalao.ConfirmarCadastroTalao;UNINDENTIFIED;
br.gov.se.sefaz.sae.talonario.to.devolverTalao.ListarTaloesParaDevolucao;UNINDENTIFIED;
br.gov.se.sefaz.sae.talonario.to.receberTalao.ReceberTalao;UNINDENTIFIED;
br.gov.se.sefaz.sae.talonario.to.reativarDAEManualCancelado.ReativarDAEManualCancelado;UNINDENTIFIED;
br.gov.se.sefaz.sae.talonario.to.distribuirTalao.ConfimacaoDistribuicaoTalao;UNINDENTIFIED;
br.gov.se.sefaz.sae.talonario.to.baixarDAEManual.RegistrarBaixaDAEManual;UNINDENTIFIED;
br.gov.se.sefaz.sae.talonario.to.alterar.AlterarTalaoDAEManual;UNINDENTIFIED;
br.gov.se.sefaz.sae.talonario.to.emitirTermoEntregaTalao.EmitirTermoEntrega;UNINDENTIFIED;
br.gov.se.sefaz.sae.talonario.to.repassarTalao.ConfirmarRepasseTalaoSupervisor;UNINDENTIFIED;
br.gov.se.sefaz.sae.talonario.to.cancelarDAEManual.CancelarDAEManual;UNINDENTIFIED;
br.gov.se.sefaz.sae.talonario.to.emitirTermoEntregaTalao.ConfirmarEmissaoTermoRegiao;UNINDENTIFIED;
br.gov.se.sefaz.sae.talonario.to.cancelarDAEManual.ListarDAEsTalao;UNINDENTIFIED;
br.gov.se.sefaz.sae.talonario.to.distribuirTalao.ValidarDistribuicaoTalao;UNINDENTIFIED;
br.gov.se.sefaz.sae.talonario.to.emitirExtratoTalaoPorUnidade.ExtratoTalao;UNINDENTIFIED;
br.gov.se.sefaz.sae.talonario.to.TransacaoTalonario;UNINDENTIFIED;
br.gov.se.sefaz.sae.talonario.to.cancelarDAEManual.AlterarHistoricoDAEManual;UNINDENTIFIED;
br.gov.se.sefaz.sae.talonario.to.devolverTalao.ListarDAEsTalaoParaDevolucao;UNINDENTIFIED;
br.gov.se.sefaz.sae.talonario.to.excluirViaEletronica.ConsultarViaEletronica;UNINDENTIFIED;
br.gov.se.sefaz.sae.talonario.to.receberTalao.obterTaloesRecebimento;UNINDENTIFIED;
br.gov.se.sefaz.sae.talonario.to.repassarTalao.RepassarTalaoSupervisor;UNINDENTIFIED;
br.gov.se.sefaz.sae.talonario.to.cancelarDAEManual.ConsultaDAEParaCancelamento;UNINDENTIFIED;
br.gov.se.sefaz.sae.talonario.to.alterar.CorrigirNumeroTalaoDAEManual;UNINDENTIFIED;
br.gov.se.sefaz.sae.tb.conciliacaoBancaria.ProcessarArqMovConsolidadoDAE;UNINDENTIFIED;
br.gov.se.sefaz.sae.tb.conciliacaoBancaria.ProcessarArqMovOnLineDAE;UNINDENTIFIED;
br.gov.se.sefaz.sae.tb.conciliacaoBancaria.AtualizarValorRepasse;UNINDENTIFIED;
br.gov.se.sefaz.sae.tb.base.DAEVencido;UNINDENTIFIED;
br.gov.se.sefaz.sae.tb.conciliacaoBancaria.ProcessarArqMovConsolidadoGNREOnLine;UNINDENTIFIED;
br.gov.se.sefaz.sae.tb.carga.GerarReplicacaoHostHistoricoPLSQL;UNINDENTIFIED;
br.gov.se.sefaz.sae.tb.conciliacaoBancaria.GerarArquivoRepasseFinanceiroDAEBase;UNINDENTIFIED;
br.gov.se.sefaz.sae.tb.conciliacaoBancaria.ProcessarArqMovOnLineGNRE;UNINDENTIFIED;
br.gov.se.sefaz.sae.tb.conciliacaoBancaria.ProcessarArqMovConsolidadoDAS;UNINDENTIFIED;
br.gov.se.sefaz.sae.tb.conciliacaoBancaria.GerarArqRepasseDAEResiduo;UNINDENTIFIED;
br.gov.se.sefaz.sae.tb.conciliacaoBancaria.ProcessarArqErroRepasseDAE;UNINDENTIFIED;
br.gov.se.sefaz.sae.tb.antecipacaoMensal.GerarInaptidaoSimplesNacional;UNINDENTIFIED;
br.gov.se.sefaz.sae.tb.carga.GerarReplicacaoHostPLSQL;UNINDENTIFIED;
br.gov.se.sefaz.sae.tb.conciliacaoBancaria.ProcessarArqMovConsolidadoIPVA;UNINDENTIFIED;
br.gov.se.sefaz.sae.tb.antecipacaoMensal.AtualizarDAEMensalLiminarCassada;UNINDENTIFIED;
br.gov.se.sefaz.sae.tb.correcao.CorrigirDadosGNRE;UNINDENTIFIED;
br.gov.se.sefaz.sae.tb.correcao.CorrigirNumeroTalaoDAEManual;UNINDENTIFIED;
br.gov.se.sefaz.sae.tb.relatorios.GerarSituacaoDAEMensal;UNINDENTIFIED;
br.gov.se.sefaz.sae.tb.antecipacaoMensal.GerarInaptidaoDAE;UNINDENTIFIED;
br.gov.se.sefaz.sae.tb.arquivo.GerenciadorArquivos;UNINDENTIFIED;
br.gov.se.sefaz.sae.tb.conciliacaoBancaria.GerarArqRepasseDAE;UNINDENTIFIED;
br.gov.se.sefaz.sae.tb.gnre.ConsultarLotesContingencia;UNINDENTIFIED;
br.gov.se.sefaz.sae.tb.conciliacaoBancaria.ProcessarArqChequeDevolvido;UNINDENTIFIED;
br.gov.se.sefaz.sae.tb.correcao.AlterarCodigoDeBarras;UNINDENTIFIED;
br.gov.se.sefaz.sae.tb.antecipacaoMensal.ExcluirInaptidaoSimplesNacional;UNINDENTIFIED;
br.gov.se.sefaz.sae.tb.arquivo.ProcessarArquivoRecebidoBase;UNINDENTIFIED;
br.gov.se.sefaz.sae.tb.antecipacaoMensal.GerarDAEMensal;UNINDENTIFIED;
br.gov.se.sefaz.sae.tb.chequeDevolvido.BaixaCheqDevPrescrito;UNINDENTIFIED;
br.gov.se.sefaz.sae.tb.conciliacaoBancaria.ProcessarArqMovConsolidadoGNRE;UNINDENTIFIED;
br.gov.se.sefaz.sae.tb.arquivo.ReceberArquivo;UNINDENTIFIED;
br.gov.se.sefaz.sae.tb.antecipacaoMensal.ExcluirInaptidaoDAE;UNINDENTIFIED;
br.gov.se.sefaz.sae.tb.conciliacaoBancaria.ProcessarCompensacaoCheque;UNINDENTIFIED;
br.gov.se.sefaz.sae.tb.conciliacaoBancaria.GerarArqRepasseBB;UNINDENTIFIED;
br.gov.se.sefaz.sae.tb.conciliacaoBancaria.ProcessarArqMovOnLineGNREOnLine;UNINDENTIFIED;
br.gov.se.sefaz.sae.ti.SAEIntegracaoSIT;UNINDENTIFIED;
br.gov.se.sefaz.sae.ti.SAEIntegracaoSAP;UNINDENTIFIED;
br.gov.se.sefaz.sae.ti.SAEIntegracaoSPED;UNINDENTIFIED;
br.gov.se.sefaz.sae.ti.SAEIntegracaoSAF;UNINDENTIFIED;
br.gov.se.sefaz.sae.ti.SAEIntegracaoSRC;UNINDENTIFIED;
br.gov.se.sefaz.sae.ti.SAEIntegracaoSIC;UNINDENTIFIED;
br.gov.se.sefaz.sae.ti.SAEIntegracaoITCMD;UNINDENTIFIED;
br.gov.se.sefaz.sae.util.campo.CamposSAE;UNINDENTIFIED;
br.gov.se.sefaz.sae.util.ConstantesIPVA;UNINDENTIFIED;
br.gov.se.sefaz.sae.util.data.DatasSAE;UNINDENTIFIED;
br.gov.se.sefaz.sae.util.ParametrosSAE;UNINDENTIFIED;
br.gov.se.sefaz.sae.util.Excecao;UNINDENTIFIED;
br.gov.se.sefaz.sae.util.Credencial;UNINDENTIFIED;
br.gov.se.sefaz.sae.gnre.ws.contingencia.xml.ObjectFactory;UNINDENTIFIED;
br.gov.se.sefaz.sae.gnre.ws.contingencia.xml.TContgGNRE;UNINDENTIFIED;
br.gov.se.sefaz.sae.gnre.ws.contingencia.xml.GnreCabecMsg;UNINDENTIFIED;
br.gov.se.sefaz.sae.gnre.ws.contingencia.WsContingencia;UNINDENTIFIED;
br.gov.se.sefaz.sae.gnre.ws.contingencia.xml.TContgSolicGNRE;UNINDENTIFIED;
br.gov.se.sefaz.sae.gnre.ws.contingencia.xml.TRetornoGNRE;UNINDENTIFIED;
br.gov.se.sefaz.sae.gnre.ws.contingencia.xml.XMLConvert;UNINDENTIFIED;
