Classe                              ;DesignRole                        ;Concorda?;
br.gov.se.sefaz.sae.cheqDev.to.baixa.ConfirmarBaixaCheque;TRANSACAO;SIM;
br.gov.se.sefaz.sae.cheqDev.to.baixa.BaixarCheqParcelamento;TRANSACAO;SIM;
br.gov.se.sefaz.sae.cheqDev.to.alteracao.AlterarChequeDevolvido;TRANSACAO;SIM;
br.gov.se.sefaz.sae.cheqDev.to.TransacaoOperacionalBase;TRANSACAO;SIM;
br.gov.se.sefaz.sae.cheqDev.to.cadastro.ConfirmarCadastroCheque;TRANSACAO;SIM;
br.gov.se.sefaz.sae.cheqDev.to.cadastro.EmitirMensagemConclusaoCadastroCheque;TRANSACAO;SIM;
br.gov.se.sefaz.sae.cheqDev.to.baixa.BaixarCheqPago;TRANSACAO;SIM;
br.gov.se.sefaz.sae.cheqDev.to.baixa.BaixarChequeDev;TRANSACAO;SIM;
br.gov.se.sefaz.sae.cheqDev.to.baixa.ConfirmarBaixaCheqPago;TRANSACAO;SIM;
br.gov.se.sefaz.sae.cheqDev.to.cadastro.CadastrarDocsChequeDevolvido;TRANSACAO;SIM;
br.gov.se.sefaz.sae.cheqDev.to.TransacaoCheqDevBase;TRANSACAO;SIM;
br.gov.se.sefaz.sae.cheqDev.to.alteracao.ConfirmarAlteracaoCheque;TRANSACAO;SIM;
br.gov.se.sefaz.sae.cheqDev.to.alteracao.EmitirMensagemConclusaoAlteracaoCheque;TRANSACAO;SIM;
br.gov.se.sefaz.sae.cheqDev.to.notificacao.EmitirNotificacaoCheque;TRANSACAO;SIM;
br.gov.se.sefaz.sae.cheqDev.to.baixa.BaixarCheqImprocedentePrescricao;TRANSACAO;SIM;
br.gov.se.sefaz.sae.cheqDev.to.cadastro.CadastrarChequeDevolvido;TRANSACAO;SIM;
br.gov.se.sefaz.sae.concBanc.ng.registro.RegistroZ;REGISTROMOVCONSOLIDADO;SIM;
br.gov.se.sefaz.sae.concBanc.ng.registro.Registro1;REGISTROMOVCONSOLIDADO;SIM;
br.gov.se.sefaz.sae.concBanc.ng.registro.RegistroG;REGISTROMOVCONSOLIDADO;SIM;
br.gov.se.sefaz.sae.concBanc.ng.GerenciadorGNRE;GNRE;SIM;
br.gov.se.sefaz.sae.concBanc.ng.registro.RegistroA;REGISTROMOVCONSOLIDADO;SIM;
br.gov.se.sefaz.sae.concBanc.ng.registro.Registro51D;REGISTROMOVCONSOLIDADO;SIM;
br.gov.se.sefaz.sae.concBanc.ng.registro.Registro9;REGISTROMOVCONSOLIDADO;SIM;
br.gov.se.sefaz.sae.concBanc.ng.registro.Registro2;REGISTROMOVCONSOLIDADO;SIM;
br.gov.se.sefaz.sae.concBanc.ng.GerenciadorRepasse;GERENCIADORBASE;SIM;
br.gov.se.sefaz.sae.concBanc.ng.registro.Registro51T;REGISTROMOVCONSOLIDADO;SIM;
br.gov.se.sefaz.sae.concBanc.ng.GerenciadorConcBancBase;GERENCIADORBASE;SIM;
br.gov.se.sefaz.sae.conciliacaoBancaria.to.repasse.GerarArqDASRepasseBB;TRANSACAO;SIM;
br.gov.se.sefaz.sae.conciliacaoBancaria.to.repasse.ListarRepasseDia;TRANSACAO;SIM;
br.gov.se.sefaz.sae.conciliacaoBancaria.to.repasse.ConsultarDAEsNaoRepassados;TRANSACAO;SIM;
br.gov.se.sefaz.sae.conciliacaoBancaria.to.repasse.RegistrarConfirmacaoRepasseFinanceiro;TRANSACAO;SIM;
br.gov.se.sefaz.sae.conciliacaoBancaria.to.fechamento.ConfirmaDataFechamento;TRANSACAO;SIM;
br.gov.se.sefaz.sae.conciliacaoBancaria.to.repasse.ConfirmaObservacaoRepasse;TRANSACAO;SIM;
br.gov.se.sefaz.sae.conciliacaoBancaria.to.repasse.ListarRepasseMesAno;TRANSACAO;SIM;
br.gov.se.sefaz.sae.conciliacaoBancaria.to.consulta.ConsultarConfronto;TRANSACAO;SIM;
br.gov.se.sefaz.sae.conciliacaoBancaria.to.consultaArquivo.ConsultarArquivos;TRANSACAO;SIM;
br.gov.se.sefaz.sae.conciliacaoBancaria.to.pendencia.ConsultarPendenciasRecepcaoEnvioArquivo;TRANSACAO;SIM;
br.gov.se.sefaz.sae.conciliacaoBancaria.to.pendencia.BaixarPendenciasCriterio;TRANSACAO;SIM;
br.gov.se.sefaz.sae.conciliacaoBancaria.to.base.ConfirmarAlteracaoValorParametro;TRANSACAO;SIM;
br.gov.se.sefaz.sae.conciliacaoBancaria.to.consulta.ConsultarDocParcialSemConsolidado;TRANSACAO;SIM;
br.gov.se.sefaz.sae.conciliacaoBancaria.to.repasse.ConsultarRepasseDASGNRE;TRANSACAO;SIM;
br.gov.se.sefaz.sae.conciliacaoBancaria.to.consulta.ConsultarArrecadacaoMultaFiscal;TRANSACAO;SIM;
br.gov.se.sefaz.sae.conciliacaoBancaria.to.consultaArquivo.ConsultarArquivosNaoEnviadosPeloSAE;TRANSACAO;SIM;
br.gov.se.sefaz.sae.conciliacaoBancaria.to.fechamento.AlterarDataFechamentoMensal;TRANSACAO;SIM;
br.gov.se.sefaz.sae.conciliacaoBancaria.to.fechamento.ConsultarDataFechamentoMensal;TRANSACAO;SIM;
br.gov.se.sefaz.sae.conciliacaoBancaria.to.pendencia.ConsultarPendenciasArquivo;TRANSACAO;SIM;
br.gov.se.sefaz.sae.conciliacaoBancaria.to.pendencia.HistoricoPendenciasArquivo;TRANSACAO;SIM;
br.gov.se.sefaz.sae.conciliacaoBancaria.to.pendencia.ConsultarPendenciasArquivoCriterio;TRANSACAO;SIM;
br.gov.se.sefaz.sae.conciliacaoBancaria.to.fechamento.ListarDataFechamentoAberto;TRANSACAO;SIM;
br.gov.se.sefaz.sae.conciliacaoBancaria.to.base.GerarNumerosGNRE;[CONSTANTES];SIM;
br.gov.se.sefaz.sae.conciliacaoBancaria.to.consultaArquivo.ConsultarArquivosEnviadosPeloSAE;TRANSACAO;SIM;
br.gov.se.sefaz.sae.conciliacaoBancaria.to.repasse.GerarArqRepasseBB;TRANSACAO;SIM;
br.gov.se.sefaz.sae.conciliacaoBancaria.to.base.AlterarValorParametro;TRANSACAO;SIM;
br.gov.se.sefaz.sae.conciliacaoBancaria.to.repasse.ConfirmarRepasseFinanceiro;TRANSACAO;SIM;
br.gov.se.sefaz.sae.conciliacaoBancaria.to.fechamento.ExcluirDataFechamentoMensal;TRANSACAO;SIM;
br.gov.se.sefaz.sae.conciliacaoBancaria.to.repasse.ConsultarRepassePorBancoArrecadacao;TRANSACAO;SIM;
br.gov.se.sefaz.sae.conciliacaoBancaria.to.repasse.ExibirDetalheRepasse;TRANSACAO;SIM;
br.gov.se.sefaz.sae.conciliacaoBancaria.to.repasse.ListarHistoricoRepasse;TRANSACAO;SIM;
br.gov.se.sefaz.sae.conciliacaoBancaria.to.consulta.ConsultarDocsAlteradosRepassados;TRANSACAO;SIM;
br.gov.se.sefaz.sae.conciliacaoBancaria.to.fechamento.ListarDataFechamentoMensal;TRANSACAO;SIM;
br.gov.se.sefaz.sae.conciliacaoBancaria.to.base.ListarParametrosSAE;TRANSACAO;SIM;
br.gov.se.sefaz.sae.conciliacaoBancaria.to.consultaArquivo.ConsultarArquivoPeloNome;TRANSACAO;SIM;
br.gov.se.sefaz.sae.conciliacaoBancaria.to.repasse.GerarArqRepasse;TRANSACAO;SIM;
br.gov.se.sefaz.sae.conciliacaoBancaria.to.base.GerarNumeroGNRE;TRANSACAO;SIM;
br.gov.se.sefaz.sae.conciliacaoBancaria.to.repasse.ConfirmaRepasseFinanceiro;TRANSACAO;SIM;
br.gov.se.sefaz.sae.conciliacaoBancaria.to.consultaArquivo.ConsultarArquivosNaoEnviadosPeloBanco;TRANSACAO;SIM;
br.gov.se.sefaz.sae.conciliacaoBancaria.to.repasse.ConsultarRepassePorBancoRepasse;TRANSACAO;SIM;
br.gov.se.sefaz.sae.conciliacaoBancaria.to.consultaArquivo.ConsultarArquivosEnviadosBanco;TRANSACAO;SIM;
br.gov.se.sefaz.sae.conciliacaoBancaria.to.fechamento.ValidarMesAno;TRANSACAO;SIM;
br.gov.se.sefaz.sae.conciliacaoBancaria.to.consulta.ConsultarArrecadacaoDia;TRANSACAO;SIM;
br.gov.se.sefaz.sae.conciliacaoBancaria.to.fechamento.IncluirDataFechamentoMensal;TRANSACAO;SIM;
br.gov.se.sefaz.sae.consultas.to.talonario.ConsultarMovimentacaoTalao;TRANSACAO;SIM;
br.gov.se.sefaz.sae.consultas.to.TransacaoTeste;TRANSACAO;SIM;
br.gov.se.sefaz.sae.consultas.to.documento.ConsultaAvancadaFiscalizacao;CONSULTAAVANCADATRANSBASE;SIM;
br.gov.se.sefaz.sae.consultas.to.talonario.ConjuntoAbasTalao;ABAS;SIM;
br.gov.se.sefaz.sae.consultas.to.ipva.ListarLogIPVA;TRANSACAO;SIM;
br.gov.se.sefaz.sae.consultas.to.documento.ItemDetalheDAE;TRANSACAO;SIM;
br.gov.se.sefaz.sae.consultas.to.documento.ListarHistoricoDAE;TRANSACAO;SIM;
br.gov.se.sefaz.sae.consultas.to.documento.DadosDocumento;ENTITY;SIM;
br.gov.se.sefaz.sae.consultas.to.concBanc.ListarDocumentoConcBanc;TRANSACAO;SIM;
br.gov.se.sefaz.sae.consultas.to.concBanc.ListarDadosAgencia;TRANSACAO;SIM;
br.gov.se.sefaz.sae.consultas.to.relatorio.SolicitarRelatorio;TRANSACAOOPERACIONAL;SIM;
br.gov.se.sefaz.sae.consultas.to.documento.ConsultaAvancadaSAE;CONSULTAAVANCADATRANSBASE;SIM;
br.gov.se.sefaz.sae.consultas.to.ipva.ConsultarLog;TRANSACAO;SIM;
br.gov.se.sefaz.sae.consultas.to.concBanc.ListarPendenciasBaixadas;TRANSACAO;SIM;
br.gov.se.sefaz.sae.consultas.to.contribuinte.ListarPeriodoDocumentosRecolhidos;TRANSACAO;SIM;
br.gov.se.sefaz.sae.consultas.to.documento.ConfirmarAtividadeEconomica;TRANSACAO;SIM;
br.gov.se.sefaz.sae.consultas.to.talonario.ConsultaAvancadaTalonario;CONSULTAAVANCADATRANSBASE;SIM;
br.gov.se.sefaz.sae.consultas.to.documento.IdentificacaoDoc;TRANSACAO;SIM;
br.gov.se.sefaz.sae.consultas.to.talonario.DetalheDAEManual;TRANSACAO;SIM;
br.gov.se.sefaz.sae.consultas.to.receita.ConsultarRegraRepasseReceita;TRANSACAO;SIM;
br.gov.se.sefaz.sae.consultas.to.TransacaoConsultaBase;TRANSACAO;SIM;
br.gov.se.sefaz.sae.consultas.to.documento.ListarPendenciasDoc;TRANSACAO;SIM;
br.gov.se.sefaz.sae.consultas.to.repasse.ConsultaRepasseFUNPREV;TRANSACAO;SIM;
br.gov.se.sefaz.sae.consultas.to.concBanc.DownloadArquivo;ACTION;SIM;
br.gov.se.sefaz.sae.consultas.to.contribuinte.Contribuinte;TRANSACAO;SIM;
br.gov.se.sefaz.sae.consultas.to.abasTrans.ExibirDadosCabecalhoAbas;ABAS;SIM;
br.gov.se.sefaz.sae.consultas.to.contribuinte.ConsultaArrecadacaoRecolhidos;TRANSACAO;SIM;
br.gov.se.sefaz.sae.consultas.to.receita.ConsultarReceitaDetalhada;TRANSACAO;SIM;
br.gov.se.sefaz.sae.consultas.to.concBanc.ListarPendenciasEmAberto;TRANSACAO;SIM;
br.gov.se.sefaz.sae.consultas.to.documento.ListarAtvdEconCateg;TRANSACAO;SIM;
br.gov.se.sefaz.sae.consultas.to.cheqDev.ConsultarCheqDev;CONSULTAAVANCADATRANSBASE;SIM;
br.gov.se.sefaz.sae.consultas.to.cheqDev.ListarHistoricoCheque;TRANSACAO;SIM;
br.gov.se.sefaz.sae.consultas.to.concBanc.TransacaoConcBanc;TRANSACAO;SIM;
br.gov.se.sefaz.sae.consultas.to.cheqDev.ListarDocumentoCheque;TRANSACAO;SIM;
br.gov.se.sefaz.sae.consultas.to.talonario.ConsultarDAEManual;TRANSACAO;SIM;
br.gov.se.sefaz.sae.consultas.to.concBanc.ExibirDadosCabecalhoAbas;ABAS;SIM;
br.gov.se.sefaz.sae.consultas.to.concBanc.ConjuntoAbas;ABAS;SIM;
br.gov.se.sefaz.sae.consultas.to.concBanc.ListarDadosDetalhes;TRANSACAO;SIM;
br.gov.se.sefaz.sae.consultas.to.cheqDev.ConsultarDadosIdentificacao;TRANSACAO;SIM;
br.gov.se.sefaz.sae.consultas.to.cheqDev.ExibirDadosCabecalhoAbas;ABAS;SIM;
br.gov.se.sefaz.sae.consultas.to.documento.ListarDetalheHistoricoDAE_OLD;TRANSACAO;SIM;
br.gov.se.sefaz.sae.consultas.to.abasTrans.ConjuntoAbas;ABAS;SIM;
br.gov.se.sefaz.sae.consultas.to.concBanc.ListarHistoricoPendencias;TRANSACAO;SIM;
br.gov.se.sefaz.sae.consultas.to.outrosOrgaos.ConsultarPagamentosDAEs;TRANSACAO;SIM;
br.gov.se.sefaz.sae.consultas.to.contribuinte.ConsultaArrecadacaoARecolher;TRANSACAO;SIM;
br.gov.se.sefaz.sae.consultas.to.receita.ConsultarConversaoReceitaSAE;TRANSACAO;SIM;
br.gov.se.sefaz.sae.consultas.to.documento.ConjuntoAbasSAE;ABAS;SIM;
br.gov.se.sefaz.sae.consultas.to.download.EfetuarDownloadRelatorio;TRANSACAO;SIM;
br.gov.se.sefaz.sae.consultas.to.documento.ConjuntoAbasSaePeriodo;ABAS;SIM;
br.gov.se.sefaz.sae.consultas.to.ConsultarHistoricoCustodiais;TRANSACAO;SIM;
br.gov.se.sefaz.sae.consultas.to.contribuinte.ConsultaArrecadacao;TRANSACAO;SIM;
br.gov.se.sefaz.sae.consultas.to.vencimento.ConsultarVencimentoICMS;TRANSACAO;SIM;
br.gov.se.sefaz.sae.consultas.to.documento.ListarDetalheHistoricoDAE;TRANSACAO;SIM;
br.gov.se.sefaz.sae.consultas.to.talonario.ConsultarHistoricoTalao;TRANSACAO;SIM;
br.gov.se.sefaz.sae.consultas.to.documento.AbaBase;ABAS;SIM;
br.gov.se.sefaz.sae.consultas.to.cheqDev.ConjuntoAbas;ABAS;SIM;
br.gov.se.sefaz.sae.consultas.to.cheqDev.TransacaoCheqDev;TRANSACAO;SIM;
br.gov.se.sefaz.sae.consultas.to.talonario.HistoricoDAEManual;TRANSACAO;SIM;
br.gov.se.sefaz.sae.consultas.to.ipva.ConsultarPrevisaoArrecIPVA;TRANSACAO;SIM;
br.gov.se.sefaz.sae.consultas.to.download.ObterRelatorioDAEMensalRecolhimento;TRANSACAO;SIM;
br.gov.se.sefaz.sae.consultas.to.concBanc.ConsultaConcBanc;CONSULTAAVANCADATRANSBASE;SIM;
br.gov.se.sefaz.sae.consultas.to.ObterCodigoBarras;TRANSACAO;SIM;
br.gov.se.sefaz.sae.consultas.to.ConsultarDetalheDAE;TRANSACAOOPERACIONAL;SIM;
br.gov.se.sefaz.sae.consultas.to.receita.ConsultarConversaoReceitaHost;TRANSACAO;SIM;
br.gov.se.sefaz.sae.custodiais.to.receita.ExcluirReceitaMensagem;TRANSACAO;SIM;
br.gov.se.sefaz.sae.custodiais.to.receitaObjetoTipo.AlterarReceitaObjetoTipo;TRANSACAO;SIM;
br.gov.se.sefaz.sae.custodiais.to.metasArrecadacao.IncluirMetasArrecadacao;TRANSACAO;SIM;
br.gov.se.sefaz.sae.custodiais.to.produtoSAE.ExcluirProdutoSAE;TRANSACAO;SIM;
br.gov.se.sefaz.sae.custodiais.to.tipoDocOrigem.ConsultarTipoDocOrigem;TRANSACAO;SIM;
br.gov.se.sefaz.sae.custodiais.to.prorrogacaoDae.AlterarProrrogacaoDae;TRANSACAO;SIM;
br.gov.se.sefaz.sae.custodiais.to.cotacaoIPVA.IncluirCotacao;TRANSACAO;SIM;
br.gov.se.sefaz.sae.custodiais.to.tipoDocumento.ConsultarTipoDocumento;TRANSACAO;SIM;
br.gov.se.sefaz.sae.custodiais.to.cotacaoIPVA.ConsultarCotacao;TRANSACAO;SIM;
br.gov.se.sefaz.sae.custodiais.to.motivoChequeDev.AlterarMotivoChequeDev;TRANSACAO;SIM;
br.gov.se.sefaz.sae.custodiais.to.unidadeTalao.IncluirUnidadeTalao;TRANSACAO;SIM;
br.gov.se.sefaz.sae.custodiais.to.grupoReceita.AlterarGrupoReceita;TRANSACAO;SIM;
br.gov.se.sefaz.sae.custodiais.to.TransacaoCustodiais;TRANSACAO;SIM;
br.gov.se.sefaz.sae.custodiais.to.documentosSolicitacao.IncluirDocumentosSolicitacao;TRANSACAO;SIM;
br.gov.se.sefaz.sae.custodiais.to.tipoDesconto.ExcluirTipoDesconto;TRANSACAO;SIM;
br.gov.se.sefaz.sae.custodiais.to.tipoDocOrigem.ExcluirTipoDocOrigem;TRANSACAO;SIM;
br.gov.se.sefaz.sae.custodiais.to.periodicidadeReceita.IncluirPeriodicidadeReceita;TRANSACAO;SIM;
br.gov.se.sefaz.sae.custodiais.to.motivoSituacaoCampo.AlterarMotivoSituacaoCampo;UNDEFINED;SIM;
br.gov.se.sefaz.sae.custodiais.to.combSituacaoChequeDev.ConsultarCombSituacaoChequeDev;TRANSACAO;SIM;
br.gov.se.sefaz.sae.custodiais.to.valorOrcadoReceita.ConsultarValorOrcadoReceita;TRANSACAO;SIM;
br.gov.se.sefaz.sae.custodiais.to.situacaoDoc.AlterarSituacaoDoc;TRANSACAO;SIM;
br.gov.se.sefaz.sae.custodiais.to.icmsContribInsc.IcmsContribInscBase;TRANSACAO;SIM;
br.gov.se.sefaz.sae.custodiais.to.prorrogacaoDae.IncluirProrrogacaoDae;TRANSACAO;SIM;
br.gov.se.sefaz.sae.custodiais.to.documentosSolicitacao.ConsultarDocumentosSolicitacao;TRANSACAO;SIM;
br.gov.se.sefaz.sae.custodiais.to.valorOrcadoReceita.ExcluirValorOrcadoReceita;TRANSACAO;SIM;
br.gov.se.sefaz.sae.custodiais.to.motivoReceita.AlterarMotivoReceita;TRANSACAO;SIM;
br.gov.se.sefaz.sae.custodiais.to.histDataFechamentoMensal.ConsultarHistDataFechamentoMensal;TRANSACAO;SIM;
br.gov.se.sefaz.sae.custodiais.to.regimeTributacaoIcms.IncluirRegimeTributacaoICMS;TRANSACAO;SIM;
br.gov.se.sefaz.sae.custodiais.to.percentRepasseReceita.IncluirPercentRepasseReceita;TRANSACAO;SIM;
br.gov.se.sefaz.sae.custodiais.to.situacaoTalao.ExcluirSituacaoTalao;TRANSACAO;SIM;
br.gov.se.sefaz.sae.custodiais.to.situacaoDoc.ExcluirSituacaoDoc;TRANSACAO;SIM;
br.gov.se.sefaz.sae.custodiais.to.grupoProduto.IncluirGrupoProduto;TRANSACAO;SIM;
br.gov.se.sefaz.sae.custodiais.to.grupoRecolhimento.AlterarGrupoRecolhimento;TRANSACAO;SIM;
br.gov.se.sefaz.sae.custodiais.to.entidade.AlterarEntidade;TRANSACAO;SIM;
br.gov.se.sefaz.sae.custodiais.to.grupoReceita.ExcluirGrupoReceita;TRANSACAO;SIM;
br.gov.se.sefaz.sae.custodiais.to.grupoReceita.ConsultarGrupoReceita;TRANSACAO;SIM;
br.gov.se.sefaz.sae.custodiais.to.combSituacaoChequeDev.AlterarCombSituacaoChequeDev;TRANSACAO;SIM;
br.gov.se.sefaz.sae.custodiais.to.situacaoTalao.ConsultaSituacaoTalao;TRANSACAO;SIM;
br.gov.se.sefaz.sae.custodiais.to.regimeTributacaoIcms.AlterarRegimeTributacaoICMS;TRANSACAO;SIM;
br.gov.se.sefaz.sae.custodiais.to.motivoAlteracaoDoc.AlterarMotivoAlteracaoDoc;TRANSACAO;SIM;
br.gov.se.sefaz.sae.custodiais.to.tipoDesconto.AlterarTipoDesconto;TRANSACAO;SIM;
br.gov.se.sefaz.sae.custodiais.to.formaRecolhimentoICMS.AlterarFormaRecolhimentoICMS;TRANSACAO;SIM;
br.gov.se.sefaz.sae.custodiais.to.convenioProduto.AlterarConvenioProduto;TRANSACAO;SIM;
br.gov.se.sefaz.sae.custodiais.to.conversaoReceita.ExcluirConversaoReceita;TRANSACAO;SIM;
br.gov.se.sefaz.sae.custodiais.to.histDataFechamentoMensal.ExibirHistDatafechamentoMensal;TRANSACAO;SIM;
br.gov.se.sefaz.sae.custodiais.to.percentRepasseReceita.ExcluirPercentRepasseReceita;TRANSACAO;SIM;
br.gov.se.sefaz.sae.custodiais.to.situacaoDAEManual.ExcluirSituacaoDAEManual;TRANSACAO;SIM;
br.gov.se.sefaz.sae.custodiais.to.tipoContribuinteCateg.TipoContribuinteCategBase;TRANSACAO;SIM;
br.gov.se.sefaz.sae.custodiais.to.icmsContribNaoInsc.AlterarICMSContribNaoInsc;TRANSACAO;SIM;
br.gov.se.sefaz.sae.custodiais.to.conversaoReceita.IncluirConversaoReceita;TRANSACAO;SIM;
br.gov.se.sefaz.sae.custodiais.to.periodicidadeApuracao.AlterarPeriodicidadeApuracao;TRANSACAO;SIM;
br.gov.se.sefaz.sae.custodiais.to.grupoRecolhimento.ExcluirGrupoRecolhimento;TRANSACAO;SIM;
br.gov.se.sefaz.sae.custodiais.to.tipoDesconto.ConsultarTipoDesconto;TRANSACAO;SIM;
br.gov.se.sefaz.sae.custodiais.to.situacaoChequeDev.AlterarSituacaoChequeDev;TRANSACAO;SIM;
br.gov.se.sefaz.sae.custodiais.to.campoDoc.IncluirCampoDoc;TRANSACAO;SIM;
br.gov.se.sefaz.sae.custodiais.to.grupoRecolhimento.ConsultarGrupoRecolhimento;TRANSACAO;SIM;
br.gov.se.sefaz.sae.custodiais.to.icmsContribInsc.ExcluirIcmsContribInsc;TRANSACAO;SIM;
br.gov.se.sefaz.sae.custodiais.to.metasArrecadacao.AlterarMetasArrecadacao;TRANSACAO;SIM;
br.gov.se.sefaz.sae.custodiais.to.receita.ConsultarReceita;TRANSACAO;SIM;
br.gov.se.sefaz.sae.custodiais.to.unidadeTalao.AlterarUnidadeTalao;TRANSACAO;SIM;
br.gov.se.sefaz.sae.custodiais.to.icmsContribInsc.IncluirIcmsContribInsc;TRANSACAO;SIM;
br.gov.se.sefaz.sae.custodiais.to.contaRepasse.AlterarContaRepasse;TRANSACAO;SIM;
br.gov.se.sefaz.sae.custodiais.to.tipoSolicitante.ExcluirTipoSolicitante;TRANSACAO;SIM;
br.gov.se.sefaz.sae.custodiais.to.motivoAlteracaoDoc.ExcluirMotivoAlteracaoDoc;TRANSACAO;SIM;
br.gov.se.sefaz.sae.custodiais.to.regimeTributacaoIcms.ExcluirRegimeTributacaoICMS;TRANSACAO;SIM;
br.gov.se.sefaz.sae.custodiais.to.metasArrecadacao.ListarMetasArrecadacao;TRANSACAO;SIM;
br.gov.se.sefaz.sae.custodiais.to.motivoDAEManual.AlterarMotivoDAEManual;TRANSACAO;SIM;
br.gov.se.sefaz.sae.custodiais.to.grupoProduto.ExcluirGrupoProduto;TRANSACAO;SIM;
br.gov.se.sefaz.sae.custodiais.to.conversaoReceita.ConversaoReceitaBase;TRANSACAO;SIM;
br.gov.se.sefaz.sae.custodiais.to.convenio.AlterarConvenio;TRANSACAO;SIM;
br.gov.se.sefaz.sae.custodiais.to.cotacaoIPVA.ListarCotacao;TRANSACAO;SIM;
br.gov.se.sefaz.sae.custodiais.to.situacaoDAEManual.AlterarSituacaoDAEManual;TRANSACAO;SIM;
br.gov.se.sefaz.sae.custodiais.to.grupoProduto.AlterarGrupoProduto;TRANSACAO;SIM;
br.gov.se.sefaz.sae.custodiais.to.grupoMotivoReceita.ConsultarGrupoMotivoReceita;TRANSACAO;SIM;
br.gov.se.sefaz.sae.custodiais.to.entidade.IncluirEntidade;TRANSACAO;SIM;
br.gov.se.sefaz.sae.custodiais.to.icmsContribNaoInsc.IncluirICMSContribNaoInsc;TRANSACAO;SIM;
br.gov.se.sefaz.sae.custodiais.to.grupoRecolhimento.IncluirGrupoRecolhimento;TRANSACAO;SIM;
br.gov.se.sefaz.sae.custodiais.to.tipoDocumento.ExcluirTipoDocumento;TRANSACAO;SIM;
br.gov.se.sefaz.sae.custodiais.to.documentosSolicitacao.AlterarDocumentosSolicitacao;TRANSACAO;SIM;
br.gov.se.sefaz.sae.custodiais.to.grupoMotivoReceita.IncluirGrupoMotivoReceita;TRANSACAO;SIM;
br.gov.se.sefaz.sae.custodiais.to.periodicidadeReceita.AlterarPeriodicidadeReceita;TRANSACAO;SIM;
br.gov.se.sefaz.sae.custodiais.to.grupoMotivoReceita.ExcluirGMReceitaMensagem;TRANSACAO;SIM;
br.gov.se.sefaz.sae.custodiais.to.campoDoc.ExcluirCampoDoc;TRANSACAO;SIM;
br.gov.se.sefaz.sae.custodiais.to.convenio.ConsultarConvenio;TRANSACAO;SIM;
br.gov.se.sefaz.sae.custodiais.to.produtoSAE.ConsultarProdutoSAE;TRANSACAO;SIM;
br.gov.se.sefaz.sae.custodiais.to.situacaoChequeDev.ExcluirSituacaoChequeDev;TRANSACAO;SIM;
br.gov.se.sefaz.sae.custodiais.to.tipoDocumento.IncluirTipoDocumento;TRANSACAO;SIM;
br.gov.se.sefaz.sae.custodiais.to.contaRepasse.IncluirContaRepasse;TRANSACAO;SIM;
br.gov.se.sefaz.sae.custodiais.to.motivoAlteracaoDoc.ConsultarMotivoAlteracaoDoc;TRANSACAO;SIM;
br.gov.se.sefaz.sae.custodiais.to.tipoContribuinteCateg.IncluirTipoContribuinteCateg;TRANSACAO;SIM;
br.gov.se.sefaz.sae.custodiais.to.tipoOperacao.IncluirTipoOperacao;TRANSACAO;SIM;
br.gov.se.sefaz.sae.custodiais.to.tipoDesconto.IncluirTipoDesconto;TRANSACAO;SIM;
br.gov.se.sefaz.sae.custodiais.to.tipoOperacao.AlteracaoTipoOperacao;TRANSACAO;SIM;
br.gov.se.sefaz.sae.custodiais.to.pessoaNaoInscrita.AlterarPessoaNaoInscrita;TRANSACAO;SIM;
br.gov.se.sefaz.sae.custodiais.to.motivoDAEManual.IncluirMotivoDAEManual;TRANSACAO;SIM;
br.gov.se.sefaz.sae.custodiais.to.conversaoReceita.ConsultarConversaoReceita;TRANSACAO;SIM;
br.gov.se.sefaz.sae.custodiais.to.receitaObjetoTipo.ExcluirReceitaObjetoTipo;TRANSACAO;SIM;
br.gov.se.sefaz.sae.custodiais.to.vencimentoIcms.ConsultarVencimentoIcms;TRANSACAO;SIM;
br.gov.se.sefaz.sae.custodiais.to.solicitanteSolic.AlterarSolicitanteSolic;TRANSACAO;SIM;
br.gov.se.sefaz.sae.custodiais.to.vencimentoIcms.ExcluirVencimentoIcms;TRANSACAO;SIM;
br.gov.se.sefaz.sae.custodiais.to.grupoMotivoReceita.AlterarGrupoMotivoReceita;TRANSACAO;SIM;
br.gov.se.sefaz.sae.custodiais.to.receitaObjeto.AlterarReceitaObjeto;TRANSACAO;SIM;
br.gov.se.sefaz.sae.custodiais.to.formaRecolhimentoICMS.ExcluirFormaRecolhimentoMensagem;TRANSACAO;SIM;
br.gov.se.sefaz.sae.custodiais.to.tipoContribuinteCateg.AlterarTipoContribuinteCateg;TRANSACAO;SIM;
br.gov.se.sefaz.sae.custodiais.to.receita.AlterarReceita;TRANSACAO;SIM;
br.gov.se.sefaz.sae.custodiais.to.regimeTributacaoIcms.ConsultarRegimeTributacaoICMS;TRANSACAO;SIM;
br.gov.se.sefaz.sae.custodiais.to.metasArrecadacao.ExcluirMetasArrecadacao;TRANSACAO;SIM;
br.gov.se.sefaz.sae.custodiais.to.cotacaoIPVA.AlterarCotacao;TRANSACAO;SIM;
br.gov.se.sefaz.sae.custodiais.to.metasArrecadacao.ConsultarMetasArrecadacao;TRANSACAO;SIM;
br.gov.se.sefaz.sae.custodiais.to.tipoDocumentoSituacao.IncluirTipoDocumentoSituacao;TRANSACAO;SIM;
br.gov.se.sefaz.sae.custodiais.to.tipoContribuinteCateg.ExcluirTipoContribuinteCateg;TRANSACAO;SIM;
br.gov.se.sefaz.sae.custodiais.to.formaRecolhimentoICMS.ExcluirFormaRecolhimentoICMS;TRANSACAO;SIM;
br.gov.se.sefaz.sae.custodiais.to.receita.IncluirReceita;TRANSACAO;SIM;
br.gov.se.sefaz.sae.custodiais.to.situacaoDAEManual.ConsultarSituacaoDAEManual;TRANSACAO;SIM;
br.gov.se.sefaz.sae.custodiais.to.combSituacaoChequeDev.ExcluirCombSituacaoChequeDev;TRANSACAO;SIM;
br.gov.se.sefaz.sae.custodiais.to.vencimentoIcms.AlterarVencimentoIcms;TRANSACAO;SIM;
br.gov.se.sefaz.sae.custodiais.to.grupoReceita.GrupoReceitaBase;TRANSACAO;SIM;
br.gov.se.sefaz.sae.custodiais.to.objetoReferencia.ConsultarObjetoReferencia;TRANSACAO;SIM;
br.gov.se.sefaz.sae.custodiais.to.solicitanteSolic.ConsultarSolicitanteSolic;TRANSACAO;SIM;
br.gov.se.sefaz.sae.custodiais.to.vencimentoIcms.IncluirVencimentoIcms;TRANSACAO;SIM;
br.gov.se.sefaz.sae.custodiais.to.motivoTalao.ConsultarMotivoTalao;TRANSACAO;SIM;
br.gov.se.sefaz.sae.custodiais.to.periodicidadeApuracao.ExcluirPeriodicidadeApuracao;TRANSACAO;SIM;
br.gov.se.sefaz.sae.custodiais.to.situacaoDAEManual.IncluirSituacaoDAEManual;TRANSACAO;SIM;
br.gov.se.sefaz.sae.custodiais.to.tipoDesconto.TipoDescontoBase;TRANSACAO;SIM;
br.gov.se.sefaz.sae.custodiais.to.empresasCourrier.IncluirEmpresasCourrier;TRANSACAO;SIM;
br.gov.se.sefaz.sae.custodiais.to.prorrogacaoDae.ExcluirProrrogacaoDae;TRANSACAO;SIM;
br.gov.se.sefaz.sae.custodiais.to.conversaoReceita.AlterarConversaoReceita;TRANSACAO;SIM;
br.gov.se.sefaz.sae.custodiais.to.situacaoChequeDev.IncluirSituacaoChequeDev;TRANSACAO;SIM;
br.gov.se.sefaz.sae.custodiais.to.situacaoTalao.AlterarSituacaoTalao;TRANSACAO;SIM;
br.gov.se.sefaz.sae.custodiais.to.motivoReceita.ExcluirMotivoReceita;TRANSACAO;SIM;
br.gov.se.sefaz.sae.custodiais.to.motivoSituacaoCampo.ExcluirMotivoSituacaoCampo;UNDEFINED;SIM;
br.gov.se.sefaz.sae.custodiais.to.situacaoDoc.IncluirSituacaoDoc;TRANSACAO;SIM;
br.gov.se.sefaz.sae.custodiais.to.motivoChequeDev.ExcluirMotivoChequeDev;TRANSACAO;SIM;
br.gov.se.sefaz.sae.custodiais.to.solicitanteSolic.IncluirSolicitanteSolic;TRANSACAO;SIM;
br.gov.se.sefaz.sae.custodiais.to.combSituacaoChequeDev.IncluirCombSituacaoChequeDev;TRANSACAO;SIM;
br.gov.se.sefaz.sae.custodiais.to.entidade.ListarEntidade;TRANSACAO;SIM;
br.gov.se.sefaz.sae.custodiais.to.valorOrcadoReceita.AlterarValorOrcadoReceita;TRANSACAO;SIM;
br.gov.se.sefaz.sae.custodiais.to.formaRecolhimentoICMS.IncluirFormaRecolhimentoICMS;TRANSACAO;SIM;
br.gov.se.sefaz.sae.custodiais.to.campoDoc.AlterarCampoDoc;TRANSACAO;SIM;
br.gov.se.sefaz.sae.custodiais.to.motivoSituacaoCampo.IncluirMotivoSituacaoCampo;TRANSACAO;SIM;
br.gov.se.sefaz.sae.custodiais.to.formaRecolhimentoICMS.ConsultarFormaRecolhimentoICMS;TRANSACAO;SIM;
br.gov.se.sefaz.sae.custodiais.to.contaRepasse.ListarContaRepasse;TRANSACAO;SIM;
br.gov.se.sefaz.sae.custodiais.to.motivoDAEManual.ExcluirMotivoDAEManual;TRANSACAO;SIM;
br.gov.se.sefaz.sae.custodiais.to.unidadeTalao.ExcluirUnidadeTalao;TRANSACAO;SIM;
br.gov.se.sefaz.sae.custodiais.to.objetoReferencia.IncluirObjetoReferencia;TRANSACAO;SIM;
br.gov.se.sefaz.sae.custodiais.to.percentCalculoReceita.ExcluirPercentCalculoReceita;TRANSACAO;SIM;
br.gov.se.sefaz.sae.custodiais.to.grupoReceita.IncluirGrupoReceita;TRANSACAO;SIM;
br.gov.se.sefaz.sae.custodiais.to.motivoAlteracaoDoc.IncluirMotivoAlteracaoDoc;TRANSACAO;SIM;
br.gov.se.sefaz.sae.custodiais.to.periodicidadeApuracao.IncluirPeriodicidadeApuracao;TRANSACAO;SIM;
br.gov.se.sefaz.sae.custodiais.to.grupoProduto.ConsultarGrupoProduto;TRANSACAO;SIM;
br.gov.se.sefaz.sae.custodiais.to.entidade.ExcluirEntidadeMensagem;TRANSACAO;SIM;
br.gov.se.sefaz.sae.custodiais.to.icmsContribInsc.AlterarIcmsContribInsc;TRANSACAO;SIM;
br.gov.se.sefaz.sae.custodiais.to.vencimentoIcms.VencimentoIcmsBase;TRANSACAO;SIM;
br.gov.se.sefaz.sae.custodiais.to.motivoTalao.ExcluirMotivoTalao;TRANSACAO;SIM;
br.gov.se.sefaz.sae.custodiais.to.solicitanteSolic.ExcluirSolicitanteSolic;TRANSACAO;SIM;
br.gov.se.sefaz.sae.custodiais.to.tipoDocOrigem.IncluirTipoDocOrigem;TRANSACAO;SIM;
br.gov.se.sefaz.sae.custodiais.to.tipoSolicitante.ConsultarTipoSolicitante;TRANSACAO;SIM;
br.gov.se.sefaz.sae.custodiais.to.motivoSituacaoCampo.MotivoSituacaoCampoBase;TRANSACAO;SIM;
br.gov.se.sefaz.sae.custodiais.to.tipoDocOrigem.AlterarTipoDocOrigem;TRANSACAO;SIM;
br.gov.se.sefaz.sae.custodiais.to.tipoDocumentoSituacao.AlterarTipoDocumentoSituacao;TRANSACAO;SIM;
br.gov.se.sefaz.sae.custodiais.to.objetoReferencia.ExcluirObjetoReferencia;TRANSACAO;SIM;
br.gov.se.sefaz.sae.custodiais.to.entidade.ExcluirEntidade;TRANSACAO;SIM;
br.gov.se.sefaz.sae.custodiais.to.empresasCourrier.AlterarEmpresasCourrier;TRANSACAO;SIM;
br.gov.se.sefaz.sae.custodiais.to.motivoReceita.IncluirMotivoReceita;TRANSACAO;SIM;
br.gov.se.sefaz.sae.custodiais.to.receitaObjetoTipo.IncluirReceitaObjetoTipo;TRANSACAO;SIM;
br.gov.se.sefaz.sae.custodiais.to.motivoReceita.ConsultarMotivoReceita;TRANSACAO;SIM;
br.gov.se.sefaz.sae.custodiais.to.periodicidadeReceita.PeriodicidadeReceitaBase;TRANSACAO;SIM;
br.gov.se.sefaz.sae.custodiais.to.situacaoDoc.ConsultarSituacaoDoc;TRANSACAO;SIM;
br.gov.se.sefaz.sae.custodiais.to.tipoSolicitante.IncluirTipoSolicitante;TRANSACAO;SIM;
br.gov.se.sefaz.sae.custodiais.to.motivoChequeDev.ConsultarMotivoChequeDev;TRANSACAO;SIM;
br.gov.se.sefaz.sae.custodiais.to.situacaoChequeDev.ConsultarSituacaoChequeDev;TRANSACAO;SIM;
br.gov.se.sefaz.sae.custodiais.to.percentRepasseReceita.AlterarPercentRepasseReceita;TRANSACAO;SIM;
br.gov.se.sefaz.sae.custodiais.to.tipoOperacao.ConsultarTipoOperacao;TRANSACAO;SIM;
br.gov.se.sefaz.sae.custodiais.to.convenioProduto.ExcluirConvenioProduto;TRANSACAO;SIM;
br.gov.se.sefaz.sae.custodiais.to.convenioProduto.IncluirConvenioProduto;TRANSACAO;SIM;
br.gov.se.sefaz.sae.custodiais.to.produtoSAE.IncluirProdutoSAE;TRANSACAO;SIM;
br.gov.se.sefaz.sae.custodiais.to.tipoOperacao.ExcluirTipoOperacao;TRANSACAO;SIM;
br.gov.se.sefaz.sae.custodiais.to.tipoSolicitante.AlterarTipoSolicitante;TRANSACAO;SIM;
br.gov.se.sefaz.sae.custodiais.to.pessoaNaoInscrita.ValidarPessoaNaoInscrita;TRANSACAO;SIM;
br.gov.se.sefaz.sae.custodiais.to.receita.ListarReceita;TRANSACAO;SIM;
br.gov.se.sefaz.sae.custodiais.to.valorOrcadoReceita.IncluirValorOrcadoReceita;TRANSACAO;SIM;
br.gov.se.sefaz.sae.custodiais.to.campoDoc.ConsultarCampoDoc;TRANSACAO;SIM;
br.gov.se.sefaz.sae.custodiais.to.icmsContribNaoInsc.ExcluirICMSContribNaoInsc;TRANSACAO;SIM;
br.gov.se.sefaz.sae.custodiais.to.produtoSAE.AlterarProdutoSAE;TRANSACAO;SIM;
br.gov.se.sefaz.sae.custodiais.to.periodicidadeReceita.ExcluirPeriodicidadeReceita;TRANSACAO;SIM;
br.gov.se.sefaz.sae.custodiais.to.grupoMotivoReceita.ExcluirGrupoMotivoReceita;TRANSACAO;SIM;
br.gov.se.sefaz.sae.custodiais.to.motivoTalao.AlterarMotivoTalao;TRANSACAO;SIM;
br.gov.se.sefaz.sae.custodiais.to.situacaoTalao.IncluirSituacaoTalao;TRANSACAO;SIM;
br.gov.se.sefaz.sae.custodiais.to.pessoaNaoInscrita.ListarPessoaNaoInscritaGNRE;TRANSACAO;SIM;
br.gov.se.sefaz.sae.custodiais.to.empresasCourrier.ExcluirEmpresasCourrier;TRANSACAO;SIM;
br.gov.se.sefaz.sae.custodiais.to.motivoChequeDev.IncluirMotivoChequeDev;TRANSACAO;SIM;
br.gov.se.sefaz.sae.custodiais.to.grupoProduto.ListarGrupoProduto;TRANSACAO;SIM;
br.gov.se.sefaz.sae.custodiais.to.receita.ExcluirReceita;TRANSACAO;SIM;
br.gov.se.sefaz.sae.custodiais.to.tipoDocumento.AlterarTipoDocumento;TRANSACAO;SIM;
br.gov.se.sefaz.sae.custodiais.to.tipoDocumentoSituacao.ExcluirTipoDocumentoSituacao;TRANSACAO;SIM;
br.gov.se.sefaz.sae.custodiais.to.periodicidadeApuracao.ConsultarPeriodicidadeApuracao;TRANSACAO;SIM;
br.gov.se.sefaz.sae.custodiais.to.percentCalculoReceita.PercentCalculoReceitaBase;TRANSACAO;SIM;
br.gov.se.sefaz.sae.custodiais.to.convenio.IncluirConvenio;TRANSACAO;SIM;
br.gov.se.sefaz.sae.custodiais.to.objetoReferencia.AlterarObjetoReferencia;TRANSACAO;SIM;
br.gov.se.sefaz.sae.custodiais.to.receitaObjeto.ReceitaObjetoBase;TRANSACAO;SIM;
br.gov.se.sefaz.sae.custodiais.to.documentosSolicitacao.ExcluirDocumentosSolicitacao;TRANSACAO;SIM;
br.gov.se.sefaz.sae.custodiais.to.receitaObjeto.ExcluirReceitaObjeto;TRANSACAO;SIM;
br.gov.se.sefaz.sae.custodiais.to.prorrogacaoDae.ConsultarProrrogacaoDae;TRANSACAO;SIM;
br.gov.se.sefaz.sae.custodiais.to.motivoTalao.IncluirMotivoTalao;TRANSACAO;SIM;
br.gov.se.sefaz.sae.custodiais.to.percentCalculoReceita.IncluirPercentCalculoReceita;TRANSACAO;SIM;
br.gov.se.sefaz.sae.custodiais.to.receitaObjeto.IncluirReceitaObjeto;TRANSACAO;SIM;
br.gov.se.sefaz.sae.custodiais.to.receitaObjetoTipo.ReceitaObjetoTipoBase;TRANSACAO;SIM;
br.gov.se.sefaz.sae.custodiais.to.grupoRecolhimento.ExcluirGRecolhimentoMensagem;TRANSACAO;SIM;
br.gov.se.sefaz.sae.custodiais.to.percentCalculoReceita.AlterarPercentCalculoReceita;TRANSACAO;SIM;
br.gov.se.sefaz.sae.custodiais.to.convenio.ExcluirConvenio;TRANSACAO;SIM;
br.gov.se.sefaz.sae.custodiais.to.histDataFechamentoMensal.ListarHistDataFechamentoMensal;TRANSACAO;SIM;
br.gov.se.sefaz.sae.dao.IPVA.DAOIPVASQLBean;PERSISTENCE;SIM;
br.gov.se.sefaz.sae.dao.isencaoTributos.DAOIsencaoTributosSQLBean;PERSISTENCE;SIM;
br.gov.se.sefaz.sae.dao.custodiais.DAOSAESQLBean;PERSISTENCE;SIM;
br.gov.se.sefaz.sae.dao.docarrecadacao.DAODocArrecadacaoSQLBean;PERSISTENCE;SIM;
br.gov.se.sefaz.sae.emissaoDAE.to.daeAvulso.GerarItemIMPEXPContribInscrito;TRANSACAO;SIM;
br.gov.se.sefaz.sae.emissaoDAE.to.psdi.CalcularPSDI;TRANSACAO;SIM;
br.gov.se.sefaz.sae.emissaoDAE.to.especial.GerarItemReceitaOutrosOrgaosConfirmar;TRANSACAO;SIM;
br.gov.se.sefaz.sae.emissaoDAE.to.especial.contribuinteNaoInscrito.GerarItemReceitaOutrosOrgaos;TRANSACAO;SIM;
br.gov.se.sefaz.sae.emissaoDAE.to.daeAvulso.GerarItemReceitaExtraOrcamentaria;TRANSACAO;SIM;
br.gov.se.sefaz.sae.emissaoDAE.to.especial.contribuinteNaoInscrito.EmitirDaeEspecialContribuinte;TRANSACAO;SIM;
br.gov.se.sefaz.sae.emissaoDAE.to.viaEletronicaDAEManual.ConsultarContribuinteDAEManual;TRANSACAO;SIM;
br.gov.se.sefaz.sae.emissaoDAE.to.chequeDevolvido.ConsultarContribuinteRegCheque;TRANSACAO;SIM;
br.gov.se.sefaz.sae.emissaoDAE.to.especial.GerarItemImportacaoConfirmar;TRANSACAO;SIM;
br.gov.se.sefaz.sae.emissaoDAE.to.especial.GerarItemMultaFiscal;TRANSACAO;SIM;
br.gov.se.sefaz.sae.emissaoDAE.to.especial.contribuinteNaoInscrito.EmitirDAEEspecialContribuinteNaoInscrito;TRANSACAO;SIM;
br.gov.se.sefaz.sae.emissaoDAE.to.sit.EmitirDAEsSIT;TRANSACAO;SIM;
br.gov.se.sefaz.sae.emissaoDAE.to.especial.ExcluirItem;TRANSACAO;SIM;
br.gov.se.sefaz.sae.emissaoDAE.to.sit.EmitirDAEMensal;TRANSACAO;SIM;
br.gov.se.sefaz.sae.emissaoDAE.to.especial.GerarItemReceitaNaoTributariaConfirmar;TRANSACAO;SIM;
br.gov.se.sefaz.sae.emissaoDAE.to.especial.GerarItemReceitaOutrosOrgaos;TRANSACAO;SIM;
br.gov.se.sefaz.sae.emissaoDAE.to.antecipacaoMensal.substituicao.InserirItemAntecipacaoMensal;TRANSACAO;SIM;
br.gov.se.sefaz.sae.emissaoDAE.to.especial.GerarItemPSDI;TRANSACAO;SIM;
br.gov.se.sefaz.sae.emissaoDAE.to.especial.AlterarItem;TRANSACAO;SIM;
br.gov.se.sefaz.sae.emissaoDAE.to.daeAvulso.GerarItemICMSContribuinteNaoInscrito;TRANSACAO;SIM;
br.gov.se.sefaz.sae.emissaoDAE.to.especial.contribuinteNaoInscrito.MontarCabecalhoEmissaoDAE;TRANSACAO;SIM;
br.gov.se.sefaz.sae.emissaoDAE.to.especial.GerarItemICMSConfirmar;TRANSACAO;SIM;
br.gov.se.sefaz.sae.emissaoDAE.to.chequeDevolvido.GerarItemReguralizacaoChequeDevolvido;TRANSACAO;SIM;
br.gov.se.sefaz.sae.emissaoDAE.to.antecipacaoMensal.reemissao.ReemitirAntecipacaoMensal;TRANSACAO;SIM;
br.gov.se.sefaz.sae.emissaoDAE.to.viaEletronicaDAEManual.contribuinteNaoInscrito.IncluirItemICMS;TRANSACAO;SIM;
br.gov.se.sefaz.sae.emissaoDAE.to.antecipacaoMensal.substituicao.ListarItensAntecipacaoMensal;TRANSACAO;SIM;
br.gov.se.sefaz.sae.emissaoDAE.to.daeAvulso.ExcluirItemDAE;TRANSACAO;SIM;
br.gov.se.sefaz.sae.emissaoDAE.to.especial.GerarItemReceitaExtraOrc;TRANSACAO;SIM;
br.gov.se.sefaz.sae.emissaoDAE.to.reemissao.ConsultarDAEReemissao;TRANSACAO;SIM;
br.gov.se.sefaz.sae.emissaoDAE.to.daeAvulso.contribuinteInscrito.AlterarItemDAE;TRANSACAO;SIM;
br.gov.se.sefaz.sae.emissaoDAE.to.daeAvulso.MontarCabecalhoEmissaoDAE;TRANSACAO;SIM;
br.gov.se.sefaz.sae.emissaoDAE.to.especial.contribuinteInscrito.EmitirDAEContribuinteInscrito;TRANSACAO;SIM;
br.gov.se.sefaz.sae.emissaoDAE.to.especial.contribuinteNaoInscrito.ExcluirItemDAE;TRANSACAO;SIM;
br.gov.se.sefaz.sae.emissaoDAE.to.especial.contribuinteInscrito.AlterarItem;TRANSACAO;SIM;
br.gov.se.sefaz.sae.emissaoDAE.to.especial.contribuinteNaoInscrito.GerarItemReceitaOutrosOrgaosConfirmar;TRANSACAO;SIM;
br.gov.se.sefaz.sae.emissaoDAE.to.sit.EmitirDAESIT;TRANSACAO;SIM;
br.gov.se.sefaz.sae.emissaoDAE.to.daeAvulso.contribuinteNaoInscrito.AlterarItemDAE;TRANSACAO;SIM;
br.gov.se.sefaz.sae.emissaoDAE.to.itd.GerarItemITD;TRANSACAO;SIM;
br.gov.se.sefaz.sae.emissaoDAE.to.daeAvulso.GerarItemReceitaOutrosOrgaos;TRANSACAO;SIM;
br.gov.se.sefaz.sae.emissaoDAE.to.reemissao.ReemitirDAEInternet;TRANSACAO;SIM;
br.gov.se.sefaz.sae.emissaoDAE.to.daeAvulso.AlterarItemDAE;TRANSACAO;SIM;
br.gov.se.sefaz.sae.emissaoDAE.to.TransacaoEmissaoDAE;TRANSACAO;SIM;
br.gov.se.sefaz.sae.emissaoDAE.to.especial.contribuinteNaoInscrito.GerarItemMultaFiscal;TRANSACAO;SIM;
br.gov.se.sefaz.sae.emissaoDAE.to.daeAvulso.EmitirDAEContribuinteNaoInscrito;TRANSACAO;SIM;
br.gov.se.sefaz.sae.emissaoDAE.to.daeAvulso.GerarItemICMSContribuinteInscrito;TRANSACAO;SIM;
br.gov.se.sefaz.sae.emissaoDAE.to.especial.GerarItemTaxaConfirmar;TRANSACAO;SIM;
br.gov.se.sefaz.sae.emissaoDAE.to.especial.ExibirMenuEmissaoDAE;TRANSACAO;SIM;
br.gov.se.sefaz.sae.emissaoDAE.to.daeAvulso.ConsultarContribuinteDAEManual;TRANSACAO;SIM;
br.gov.se.sefaz.sae.emissaoDAE.to.especial.GerarDAEEspecial;TRANSACAO;SIM;
br.gov.se.sefaz.sae.emissaoDAE.to.especial.GerarItemMultaFiscalConfirmar;TRANSACAO;SIM;
br.gov.se.sefaz.sae.emissaoDAE.to.daeAvulso.GerarItemMultaFiscal;TRANSACAO;SIM;
br.gov.se.sefaz.sae.emissaoDAE.to.FormatarImpressaoDAE;TRANSACAO;SIM;
br.gov.se.sefaz.sae.emissaoDAE.to.especial.GerarItemImportacao;TRANSACAO;SIM;
br.gov.se.sefaz.sae.emissaoDAE.to.viaEletronicaDAEManual.contribuinteInscrito.IncluirItemICMS;TRANSACAO;SIM;
br.gov.se.sefaz.sae.emissaoDAE.to.antecipacaoMensal.substituicao.ExluirItemAntecipacaoMensal;TRANSACAO;SIM;
br.gov.se.sefaz.sae.emissaoDAE.to.reemissao.EmitirDAEInternet;TRANSACAO;SIM;
br.gov.se.sefaz.sae.emissaoDAE.to.daeAvulso.contribuinteNaoInscrito.ExcluirItemDAE;TRANSACAO;SIM;
br.gov.se.sefaz.sae.emissaoDAE.to.itd.ConsultarContribuinte;TRANSACAO;SIM;
br.gov.se.sefaz.sae.emissaoDAE.to.especial.MontarCabecalhoEmissaoDAE;TRANSACAO;SIM;
br.gov.se.sefaz.sae.emissaoDAE.to.daeAvulso.EmitirDAEAvulso;TRANSACAO;SIM;
br.gov.se.sefaz.sae.emissaoDAE.to.antecipacaoMensal.substituicao.SubstituirAntecipacaoMensal;TRANSACAO;SIM;
br.gov.se.sefaz.sae.emissaoDAE.to.especial.GerarItemReceitaNaoTributaria;TRANSACAO;SIM;
br.gov.se.sefaz.sae.emissaoDAE.to.especial.contribuinteNaoInscrito.GerarItemMultaFiscalConfirmar;TRANSACAO;SIM;
br.gov.se.sefaz.sae.emissaoDAE.to.daeAvulso.contribuinteNaoInscrito.IncluirItemICMS;TRANSACAO;SIM;
br.gov.se.sefaz.sae.emissaoDAE.to.daeAvulso.GerarItemTaxa;TRANSACAO;SIM;
br.gov.se.sefaz.sae.emissaoDAE.to.especial.itcmd.ConsultarContribuinteITCMD;TRANSACAO;SIM;
br.gov.se.sefaz.sae.emissaoDAE.to.antecipacaoMensal.reemissao.AlterarAntecipacaoMensal;TRANSACAO;SIM;
br.gov.se.sefaz.sae.emissaoDAE.to.daeAvulso.contribuinteInscrito.EmitirDAEContribuinteInscrito;TRANSACAO;SIM;
br.gov.se.sefaz.sae.emissaoDAE.to.daeAvulso.contribuinteInscrito.IncluirItemICMS;TRANSACAO;SIM;
br.gov.se.sefaz.sae.emissaoDAE.to.daeAvulso.contribuinteNaoInscrito.EmitirDAEContribuinteNaoInscrito;TRANSACAO;SIM;
br.gov.se.sefaz.sae.emissaoDAE.to.sit.AlterarDAEMensal;TRANSACAO;SIM;
br.gov.se.sefaz.sae.emissaoDAE.to.especial.contribuinteNaoInscrito.ExibirDAEAvulso;TRANSACAO;SIM;
br.gov.se.sefaz.sae.emissaoDAE.to.daeAvulso.GerarItemPSDI;TRANSACAO;SIM;
br.gov.se.sefaz.sae.emissaoDAE.to.especial.contribuinteNaoInscrito.AlterarItemDAE;TRANSACAO;SIM;
br.gov.se.sefaz.sae.emissaoDAE.to.daeAvulso.contribuinteInscrito.ExcluirItemDAE;TRANSACAO;SIM;
br.gov.se.sefaz.sae.emissaoDAE.to.daeAvulso.GerarItemReceitaNaoTributaria;TRANSACAO;SIM;
br.gov.se.sefaz.sae.emissaoDAE.to.daeAvulso.ExibirDAEAvulso;TRANSACAO;SIM;
br.gov.se.sefaz.sae.emissaoDAE.to.especial.contribuinteNaoInscrito.IncluirItemICMS;TRANSACAO;SIM;
br.gov.se.sefaz.sae.emissaoDAE.to.reemissao.GerarReemissaoDAESIT;TRANSACAO;SIM;
br.gov.se.sefaz.sae.emissaoDAE.to.antecipacaoMensal.reemissao.PreencherDAEPopUp;TRANSACAO;SIM;
br.gov.se.sefaz.sae.emissaoDAE.to.especial.GerarItemTaxa;TRANSACAO;SIM;
br.gov.se.sefaz.sae.emissaoDAE.to.especial.contribuinteNaoInscrito.GerarItemIcmsContribuinteNaoInscrito;TRANSACAO;SIM;
br.gov.se.sefaz.sae.emissaoDAE.to.outrosOrgaos.GerarDAEOutrosOrgaos;TRANSACAO;SIM;
br.gov.se.sefaz.sae.emissaoDAE.to.especial.GerarItemReceitaExtraOrcConfirmar;TRANSACAO;SIM;
br.gov.se.sefaz.sae.emissaoDAE.to.especial.GerarItemPSDIConfirmar;TRANSACAO;SIM;
br.gov.se.sefaz.sae.emissaoDAE.to.especial.contribuinteInscrito.IncluirItemICMS;TRANSACAO;SIM;
br.gov.se.sefaz.sae.emissaoDAE.to.especial.ImprimirDAE;TRANSACAO;SIM;
br.gov.se.sefaz.sae.emissaoDAE.to.especial.itcmd.GerarITCMD;TRANSACAO;SIM;
br.gov.se.sefaz.sae.emissaoDAE.to.reemissao.GerarItemDAEITCMD;TRANSACAO;SIM;
br.gov.se.sefaz.sae.emissaoDAE.to.reemissao.ReemitirDAE;TRANSACAO;SIM;
br.gov.se.sefaz.sae.emissaoDAE.to.reemissao.EmitirDAE;TRANSACAO;SIM;
br.gov.se.sefaz.sae.emissaoDAE.to.daeAvulso.EmitirDAEEspecialContribuinte;TRANSACAO;SIM;
br.gov.se.sefaz.sae.emissaoDAE.to.antecipacaoMensal.substituicao.AlterarItemAntecipacaoMensal;TRANSACAO;SIM;
br.gov.se.sefaz.sae.emissaoDAE.to.reemissao.ReemitirDAEITCMD;TRANSACAO;SIM;
br.gov.se.sefaz.sae.emissaoDAE.to.reemissao.ReemissaoDAESIT;TRANSACAO;SIM;
br.gov.se.sefaz.sae.emissaoDAE.to.especial.contribuinteNaoInscrito.GerarItemIcmsContribuinteNaoInscritoConfirmar;TRANSACAO;SIM;
br.gov.se.sefaz.sae.emissaoDAE.to.daeAvulso.EmitirDAEAvulsoSAP;TRANSACAO;SIM;
br.gov.se.sefaz.sae.emissaoDAE.to.daeAvulso.GerarItemIMPEXPContribNaoInscrito;TRANSACAO;SIM;
br.gov.se.sefaz.sae.emissaoDAE.to.especial.contribuinteInscrito.ExcluirItem;TRANSACAO;SIM;
br.gov.se.sefaz.sae.emissaoDAE.to.reemissao.ListarDAEReemissao;TRANSACAO;SIM;
br.gov.se.sefaz.sae.emissaoDAE.to.especial.GerarItemICMS;TRANSACAO;SIM;
br.gov.se.sefaz.sae.emissaoDAE.to.daeAvulso.GerarItemICMSContribuinteNaoInscritoConfirmar;TRANSACAO;SIM;
br.gov.se.sefaz.sae.isencaoTributos.to.ICMS.AtenderSolicitacaoAutorizadaFinal;TRANSACAO;SIM;
br.gov.se.sefaz.sae.isencaoTributos.to.IPVA.AtenderSolicitacaoEmAnaliseFinal;TRANSACAO;SIM;
br.gov.se.sefaz.sae.isencaoTributos.to.IPVA.EfetuarSolicitacaoIsencaoIPVAFinal;TRANSACAO;SIM;
br.gov.se.sefaz.sae.isencaoTributos.to.IPVA.EfetuarSolicitacaoIsencaoIPVAInicio;TRANSACAO;SIM;
br.gov.se.sefaz.sae.isencaoTributos.to.certidaoIPVA.ConsultarCertidaoRegularidadeIPVA;TRANSACAO;SIM;
br.gov.se.sefaz.sae.isencaoTributos.to.ICMS.AtenderSolicitacaoEmAnaliseInicio;TRANSACAO;SIM;
br.gov.se.sefaz.sae.isencaoTributos.to.IPVA.AtenderSolicitacaoSubmetidaInicio;TRANSACAO;SIM;
br.gov.se.sefaz.sae.isencaoTributos.to.IPVA.EfetuarRenovacaoIsencaoIPVAFinal;TRANSACAO;SIM;
br.gov.se.sefaz.sae.isencaoTributos.to.IncluirPermissaoModelo;TRANSACAO;SIM;
br.gov.se.sefaz.sae.isencaoTributos.to.abas.ConjuntoAbasIsencaoTributos;ABAS;SIM;
br.gov.se.sefaz.sae.isencaoTributos.to.ICMS.AtenderSolicitacaoAguardRegularizacaoFinal;TRANSACAO;SIM;
br.gov.se.sefaz.sae.isencaoTributos.to.certidaoIPVA.EmitirCertidaoNegativa;TRANSACAO;SIM;
br.gov.se.sefaz.sae.isencaoTributos.to.TransacaoIsencaoTributosBase;TRANSACAO;SIM;
br.gov.se.sefaz.sae.isencaoTributos.to.ICMS.AtenderSolicitacaoAguardFiscalizacaoFinal;TRANSACAO;SIM;
br.gov.se.sefaz.sae.isencaoTributos.to.IPVA.EfetuarSolicitacaoIPVAFinalBase;TRANSACAO;SIM;
br.gov.se.sefaz.sae.isencaoTributos.to.listar.ConsultarDocumentos;TRANSACAO;SIM;
br.gov.se.sefaz.sae.isencaoTributos.to.baixa.BaixaIsencao;TRANSACAO;SIM;
br.gov.se.sefaz.sae.isencaoTributos.to.ICMS.AtenderSolicitacaoEmAnaliseFinal;TRANSACAO;SIM;
br.gov.se.sefaz.sae.isencaoTributos.to.ICMS.AtenderSolicitacaoAguardFiscalizacaoInicio;TRANSACAO;SIM;
br.gov.se.sefaz.sae.isencaoTributos.to.IPVA.AtenderRenovacaoSubmetidaFinal;TRANSACAO;SIM;
br.gov.se.sefaz.sae.isencaoTributos.to.IPVA.EfetuarSolicitacaoIsencaoIPVAInicio_Intranet;TRANSACAO;SIM;
br.gov.se.sefaz.sae.isencaoTributos.to.ICMS.AtenderSolicitacaoAguardVeiculoFinal;TRANSACAO;SIM;
br.gov.se.sefaz.sae.isencaoTributos.to.IPVA.EfetuarSolicitacaoIsencaoIPVAInicioBase;TRANSACAO;SIM;
br.gov.se.sefaz.sae.isencaoTributos.to.alterar.AlterarIsencaoVeiculo;TRANSACAO;SIM;
br.gov.se.sefaz.sae.isencaoTributos.to.InserirTpSolicitanteIsencaoPorData;TRANSACAO;SIM;
br.gov.se.sefaz.sae.isencaoTributos.to.IPVA.EfetuarSolicitacaoImunidadeIPVAInicio;TRANSACAO;SIM;
br.gov.se.sefaz.sae.isencaoTributos.to.ICMS.EfetuarSolicitacaoIsencaoICMSInicio;TRANSACAO;SIM;
br.gov.se.sefaz.sae.isencaoTributos.to.IPVA.EfetuarRenovacaoIsencaoIPVAInicio;TRANSACAO;SIM;
br.gov.se.sefaz.sae.isencaoTributos.to.abas.DetalheIsencaoAba;TRANSACAO;SIM;
br.gov.se.sefaz.sae.isencaoTributos.to.certidaoIPVA.CertidaoBase;TRANSACAO;SIM;
br.gov.se.sefaz.sae.isencaoTributos.to.IPVA.EfetuarSolicitacaoImunidadeIPVAFinal;TRANSACAO;SIM;
br.gov.se.sefaz.sae.isencaoTributos.to.IPVA.AtenderSolicitacaoIPVAPentendeFinal;TRANSACAO;SIM;
br.gov.se.sefaz.sae.isencaoTributos.to.consulta.ConsultaAvancadaIsencaoTributos;CONSULTAAVANCADATRANSBASE;SIM;
br.gov.se.sefaz.sae.isencaoTributos.to.IPVA.AtenderSolicitacaoEmAnaliseInicio;TRANSACAO;SIM;
br.gov.se.sefaz.sae.isencaoTributos.to.ICMS.AtenderSolicitacaoAguardVeiculoInicio;TRANSACAO;SIM;
br.gov.se.sefaz.sae.isencaoTributos.to.listar.ListarSolicitacoesReemissao;TRANSACAO;SIM;
br.gov.se.sefaz.sae.isencaoTributos.to.ICMS.AtenderSolicitacaoAutorizadaInicio;TRANSACAO;SIM;
br.gov.se.sefaz.sae.isencaoTributos.to.listar.ListarIsencoesAlteracao;TRANSACAO;SIM;
br.gov.se.sefaz.sae.isencaoTributos.to.emitir.EmitirTermoResponsabilidade;TRANSACAORELATORIO;SIM;
br.gov.se.sefaz.sae.isencaoTributos.to.IPVA.AtenderSolicitacaoIPVAPendenteInicio;TRANSACAO;SIM;
br.gov.se.sefaz.sae.isencaoTributos.to.ICMS.AtendimentoComSucessoICMSRelatorio;TRANSACAORELATORIO;SIM;
br.gov.se.sefaz.sae.isencaoTributos.to.IPVA.AtenderRenovacaoSubmetidaInicio;TRANSACAO;SIM;
br.gov.se.sefaz.sae.isencaoTributos.to.IPVA.AtenderSolicitacaoSubmetidaFinal;TRANSACAO;SIM;
br.gov.se.sefaz.sae.isencaoTributos.to.IPVA.EfetuarSolicitacaoIsencaoIPVAFinal_Intranet;TRANSACAO;SIM;
br.gov.se.sefaz.sae.isencaoTributos.to.ICMS.AlterarSolicitacaoFinal;TRANSACAO;SIM;
br.gov.se.sefaz.sae.isencaoTributos.to.ICMS.EfetuarSolicitacaoIsencaoICMSFinal;TRANSACAO;SIM;
br.gov.se.sefaz.sae.isencaoTributos.to.ICMS.AtenderSolicitacaoAguardRegularizacaoInicio;TRANSACAO;SIM;
br.gov.se.sefaz.sae.isencaoTributos.to.ICMS.AtenderSolicitacaoSubmetidaFinal;TRANSACAO;SIM;
br.gov.se.sefaz.sae.isencaoTributos.to.listar.ReemitirAutorizacaoICMS;TRANSACAO;SIM;
br.gov.se.sefaz.sae.isencaoTributos.to.abas.AbasIsencaoTributos;ABAS;SIM;
br.gov.se.sefaz.sae.isencaoTributos.to.ICMS.AtenderSolicitacaoSubmetidaInicio;TRANSACAO;SIM;
br.gov.se.sefaz.sae.ne.EntidadeTipoDesconto;ENTITY;SIM;
br.gov.se.sefaz.sae.ne.EntidadeValorIpva;ENTITY;SIM;
br.gov.se.sefaz.sae.ne.CodigoBarrasDAE;CODIGOBARRASBASE;SIM;
br.gov.se.sefaz.sae.ne.EntidadeDebitosIpvaVeiculo;ENTITY;SIM;
br.gov.se.sefaz.sae.ne.EntidadeFonte;ENTITY;SIM;
br.gov.se.sefaz.sae.ne.EntidadeTalonario;ENTITY;SIM;
br.gov.se.sefaz.sae.ne.EntidadeDescontoIpvaAnual;ENTITY;SIM;
br.gov.se.sefaz.sae.ne.EntidadeTipoDocumento;ENTITY;SIM;
br.gov.se.sefaz.sae.ne.EntidadeCotacao;ENTITY;SIM;
br.gov.se.sefaz.sae.ne.EntidadeMotivoDevolucaoCheque;ENTITY;SIM;
br.gov.se.sefaz.sae.ne.EntidadeSituacaoTalao;ENTITY;SIM;
br.gov.se.sefaz.sae.ne.DbaDocumentoBase;ENTITY;SIM;
br.gov.se.sefaz.sae.ne.EntidadeConvenioProdutoGNRE;ENTITY;SIM;
br.gov.se.sefaz.sae.ne.EntidadeICMSContribNaoInsc;ENTITY;SIM;
br.gov.se.sefaz.sae.ne.EntidadeObjetoReferencia;ENTITY;SIM;
br.gov.se.sefaz.sae.ne.EntidadeVencimentoICMS;ENTITY;SIM;
br.gov.se.sefaz.sae.ne.EntidadeTipoOperacao;ENTITY;SIM;
br.gov.se.sefaz.sae.ne.EntidadeDataFechamentoMensal;ENTITY;SIM;
br.gov.se.sefaz.sae.ne.EntidadeCampoDoc;ENTITY;SIM;
br.gov.se.sefaz.sae.ne.EntidadeSituacaoDAEManual;ENTITY;SIM;
br.gov.se.sefaz.sae.ne.UnidadePessoa;ENTITY;SIM;
br.gov.se.sefaz.sae.ne.EntidadeContaRepasse;ENTITY;SIM;
br.gov.se.sefaz.sae.ne.DipDetalheIPVA;DEDDETALHEDAE;SIM;
br.gov.se.sefaz.sae.ne.EntidadeHistUnidadeTalao;ENTITY;SIM;
br.gov.se.sefaz.sae.ne.EntidadeContaBancaria;ENTITY;SIM;
br.gov.se.sefaz.sae.ne.EntidadeTransacoes;ENTITY;SIM;
br.gov.se.sefaz.sae.ne.EntidadeVeiculos;ENTITY;SIM;
br.gov.se.sefaz.sae.ne.EntidadeVeiculoIpva;ENTITY;SIM;
br.gov.se.sefaz.sae.ne.EntidadeICMSContribInsc;ENTITY;SIM;
br.gov.se.sefaz.sae.ne.CreConversaoReceita;ENTITY;SIM;
br.gov.se.sefaz.sae.ne.EntidadeMetasArrecadacao;ENTITY;SIM;
br.gov.se.sefaz.sae.ne.EntidadeDocumentosSolicitacao;UNDEFINED;SIM;
br.gov.se.sefaz.sae.ne.GNRE;ENTITY;SIM;
br.gov.se.sefaz.sae.ne.EntidadeReceita;ENTITY;SIM;
br.gov.se.sefaz.sae.ne.EntidadeUnidadeTalao;ENTITY;SIM;
br.gov.se.sefaz.sae.ne.EntidadePercentCalculoReceita;ENTITY;SIM;
br.gov.se.sefaz.sae.ne.EntidadeCalendarioAnual;ENTITY;SIM;
br.gov.se.sefaz.sae.ne.EntidadeCombSituacaoCheqDev;ENTITY;SIM;
br.gov.se.sefaz.sae.ne.EntidadeIpvaAntecipado;ENTITY;SIM;
br.gov.se.sefaz.sae.ne.EntidadeModelo;ENTITY;SIM;
br.gov.se.sefaz.sae.ne.EntidadeCotacaoIPVA;ENTITY;SIM;
br.gov.se.sefaz.sae.ne.RedRepasseDoc;ENTITY;SIM;
br.gov.se.sefaz.sae.ne.EntidadeRegimeTributacao;ENTITY;SIM;
br.gov.se.sefaz.sae.ne.EntidadeHistDataFechamentoMensal;ENTITY;SIM;
br.gov.se.sefaz.sae.ne.EntidadeIpvaAtualizado;ENTITY;SIM;
br.gov.se.sefaz.sae.ne.EntidadeHistoricoCheqDev;ENTITY;SIM;
br.gov.se.sefaz.sae.ne.EntidadeProdutoSAE;ENTITY;SIM;
br.gov.se.sefaz.sae.ne.EntidadeDescontoModelo;ENTITY;SIM;
br.gov.se.sefaz.sae.ne.EntidadeConvenio;ENTITY;SIM;
br.gov.se.sefaz.sae.ne.EntidadePercentRepasseReceita;ENTITY;SIM;
br.gov.se.sefaz.sae.ne.EntidadeCertidaoRegulaIPVA;UNDEFINED;SIM;
br.gov.se.sefaz.sae.ne.EntidadeDoctoSolicitanteSolic;UNDEFINED;SIM;
br.gov.se.sefaz.sae.ne.SidSituacaoDoc;ENTITY;SIM;
br.gov.se.sefaz.sae.ne.PendenciaArquivo;UNDEFINED;SIM;
br.gov.se.sefaz.sae.ne.EntidadeHistFechamentoArrec;ENTITY;SIM;
br.gov.se.sefaz.sae.ne.ValorCampoLayout;ENTITY;SIM;
br.gov.se.sefaz.sae.ne.EntidadeCredora;ENTITY;SIM;
br.gov.se.sefaz.sae.ne.ChdChequeDevolvido;ENTITY;SIM;
br.gov.se.sefaz.sae.ne.DalDocArrecLegado;DBADOCUMENTOBASE;SIM;
br.gov.se.sefaz.sae.ne.EntidadeMotivoDAEManual;ENTITY;SIM;
br.gov.se.sefaz.sae.ne.DedDetalheDAE;ENTITY;SIM;
br.gov.se.sefaz.sae.ne.EntidadeExcecaoValidacao;ENTITY;SIM;
br.gov.se.sefaz.sae.ne.EntidadeTipoContribCateg;ENTITY;SIM;
br.gov.se.sefaz.sae.ne.EntidadeGrupoProduto;ENTITY;SIM;
br.gov.se.sefaz.sae.ne.EntidadeVeiculoDetran;ENTITY;SIM;
br.gov.se.sefaz.sae.ne.PendenciaArquivoSAE;PENDENCIAARQUIVO;SIM;
br.gov.se.sefaz.sae.ne.RecolhimentoDAE;ENTITY;SIM;
br.gov.se.sefaz.sae.ne.EntidadeIpvIpvaVeiculo;DEDDETALHEDAE;SIM;
br.gov.se.sefaz.sae.ne.EntidadeMotivoAlteracaoDoc;ENTITY;SIM;
br.gov.se.sefaz.sae.ne.EntidadePeriodicidadeApuracao;ENTITY;SIM;
br.gov.se.sefaz.sae.ne.EntidadeAutorizacaoCalculoIpv;ENTITY;SIM;
br.gov.se.sefaz.sae.ne.HistoricoRepasse;ENTITY;SIM;
br.gov.se.sefaz.sae.ne.EntidadeTipoDocumentoSituacao;ENTITY;SIM;
br.gov.se.sefaz.sae.ne.EntidadeVeiculo;ENTITY;SIM;
br.gov.se.sefaz.sae.ne.EntidadeGrupoRecolhimento;ENTITY;SIM;
br.gov.se.sefaz.sae.ne.EntidadeTipoSolicitante;UNDEFINED;SIM;
br.gov.se.sefaz.sae.ne.EntidadeIsencaoVeiculo;ENTITY;SIM;
br.gov.se.sefaz.sae.ne.RestricaoTO;ENTITY;SIM;
br.gov.se.sefaz.sae.ne.EntidadeGrupoReceita;ENTITY;SIM;
br.gov.se.sefaz.sae.ne.EntidadeIpvaVeiculoNovo;ENTITY;SIM;
br.gov.se.sefaz.sae.ne.DAL;UNDEFINED;SIM;
br.gov.se.sefaz.sae.ne.EntidadeEmpresaCourrier;ENTITY;SIM;
br.gov.se.sefaz.sae.ne.EntidadeMotivoTalao;ENTITY;SIM;
br.gov.se.sefaz.sae.ne.EntidadeTipoDocOrigem;ENTITY;SIM;
br.gov.se.sefaz.sae.ne.EntidadeFormaRecolhimento;ENTITY;SIM;
br.gov.se.sefaz.sae.ne.EntidadeRepFinanceiro;ENTITY;SIM;
br.gov.se.sefaz.sae.ne.EntidadeGrupoMotivoReceita;ENTITY;SIM;
br.gov.se.sefaz.sae.ne.EntidadeFabricante;ENTITY;SIM;
br.gov.se.sefaz.sae.ne.EntidadeIpvaVeiculo;ENTITY;SIM;
br.gov.se.sefaz.sae.ne.DaeDocumentoArrecadacao;DBADOCUMENTOBASE;SIM;
br.gov.se.sefaz.sae.ne.DplDocPendenciaLegado;DBADOCUMENTOBASE;SIM;
br.gov.se.sefaz.sae.ne.EntidadeMotivoReceita;ENTITY;SIM;
br.gov.se.sefaz.sae.ne.EntidadeVeiculoDetranNova;ENTITY;SIM;
br.gov.se.sefaz.sae.ne.HidHistoricoDAE;ENTITY;SIM;
br.gov.se.sefaz.sae.ne.EntidadePessoaNaoInscrita;ENTITY;SIM;
br.gov.se.sefaz.sae.ne.EntidadeProrrogacaoDae;ENTITY;SIM;
br.gov.se.sefaz.sae.ne.EntidadeConversaoReceita;ENTITY;SIM;
br.gov.se.sefaz.sae.ne.EntidadeDAEManual;ENTITY;SIM;
br.gov.se.sefaz.sae.ne.EntidadeHistoricoVeiculoIpva;ENTITY;SIM;
br.gov.se.sefaz.sae.ne.CodigoBarrasGNRE;CODIGOBARRASBASE;SIM;
br.gov.se.sefaz.sae.ne.EntidadeSituacaoDoc;ENTITY;SIM;
br.gov.se.sefaz.sae.ne.EntidadeSituacaoChequeDev;ENTITY;SIM;
br.gov.se.sefaz.sae.ne.EntidadeHistorico;ENTITY;SIM;
br.gov.se.sefaz.sae.ne.RegistroDadosDocMensagem;ENTITY;SIM;
br.gov.se.sefaz.sae.ng.GerenciadorBase;TEST;SIM;
br.gov.se.sefaz.sae.ng.GerenciadorGNRE;UNDEFINED;SIM;
br.gov.se.sefaz.sae.ng.GerenciadorCustodiais;[CONSTANTES];SIM;
br.gov.se.sefaz.sae.ng.GerenciadorDocArrecadacao;GERENCIADORBASE;SIM;
br.gov.se.sefaz.sae.ng.GerenciadorIntegracao;GERENCIADORBASE;SIM;
br.gov.se.sefaz.sae.ng.GerenciadorTalonario;GERENCIADORBASE;SIM;
br.gov.se.sefaz.sae.ng.GerenciadorIPVA;GERENCIADORBASE;SIM;
br.gov.se.sefaz.sae.ng.GerenciadorConsulta;GERENCIADORBASE;SIM;
br.gov.se.sefaz.sae.ng.GerenciadorCheqDev;GERENCIADORBASE;SIM;
br.gov.se.sefaz.sae.ng.GerenciadorIsencaoTributos;GERENCIADORBASE;SIM;
br.gov.se.sefaz.sae.ng.GerenciadorMantab;UNDEFINED;SIM;
br.gov.se.sefaz.sae.ng.GerenciadorOperacional;GERENCIADORBASE;SIM;
br.gov.se.sefaz.sae.oper.to.alteracao.regularizarDAEDuplicado.ConfirmarRegularizacaoDAEDuplicado;TRANSACAO;SIM;
br.gov.se.sefaz.sae.oper.to.prescricao.PrescreverDocumentoPeloNumero;TRANSACAO;SIM;
br.gov.se.sefaz.sae.oper.to.alteracao.dadosConcBanc.ConsultarDadosConciliacaoBancaria;TRANSACAO;SIM;
br.gov.se.sefaz.sae.oper.to.exclusao.ConsultarDadosExcluirDoc;TRANSACAO;SIM;
br.gov.se.sefaz.sae.oper.to.inclusao.gnre.ConsultarDadosIncluirGNRE;TRANSACAO;SIM;
br.gov.se.sefaz.sae.oper.to.alteracao.dataArrecDAE.AlterarDataArrecadacaoDAE;TRANSACAO;SIM;
br.gov.se.sefaz.sae.oper.to.alteracao.dar.AlterarDAR;TRANSACAO;SIM;
br.gov.se.sefaz.sae.oper.to.alteracao.formaRecolhimento.AlterarFormaRecolhimento;TRANSACAO;SIM;
br.gov.se.sefaz.sae.oper.to.cancelamento.dae.CancelarDAEPeloNumero;TRANSACAO;SIM;
br.gov.se.sefaz.sae.oper.to.inclusao.itemDae.ItemDAEConfirmar;TRANSACAO;SIM;
br.gov.se.sefaz.sae.oper.to.desmembramento.das.TransacaoDesmembramento;TRANSACAO;SIM;
br.gov.se.sefaz.sae.oper.to.alteracao.dadosConcBanc.ConfirmarRetiradaDadosConciliacaoBancaria;TRANSACAO;SIM;
br.gov.se.sefaz.sae.oper.to.alteracao.viaEletronica.ExcluirDAEManualViaEletronica;TRANSACAO;SIM;
br.gov.se.sefaz.sae.oper.to.AlterarHorarioVerao;TRANSACAO;SIM;
br.gov.sefaz.se.sae.oper.to.substituicao.SubstituirDAE;TRANSACAO;SIM;
br.gov.se.sefaz.sae.oper.to.alteracao.itemDAE.AlterarItemDAE;TRANSACAO;SIM;
br.gov.se.sefaz.sae.oper.to.desmembramento.das.IncluirItemDocDesmembram;TRANSACAO;SIM;
br.gov.se.sefaz.sae.oper.to.alteracao.gnre.AlterarGNRE;TRANSACAO;SIM;
br.gov.se.sefaz.sae.oper.to.prescricao.ConsultarDocumentoPrescricao;TRANSACAO;SIM;
br.gov.se.sefaz.sae.oper.to.alteracao.dataArrecGNRE.AlterarDataArrecadacaoGNRE;TRANSACAO;SIM;
br.gov.se.sefaz.sae.oper.to.baixaPendenciaContrib.ValidaBaixaPendenciaContrib;TRANSACAO;SIM;
br.gov.se.sefaz.sae.oper.to.inclusao.gnre.IncluirGNRE;TRANSACAO;SIM;
br.gov.se.sefaz.sae.oper.to.inclusao.gnre.IncluirGNREConfirmar;TRANSACAO;SIM;
br.gov.se.sefaz.sae.oper.to.alteracao.dataArrecGNRE.InformarDataArrecadacao;TRANSACAO;SIM;
br.gov.se.sefaz.sae.oper.to.CadastrarVencimentoICMS;TRANSACAO;SIM;
br.gov.se.sefaz.sae.oper.to.desmembramento.gnre.DesmembrarGNRE;TRANSACAO;SIM;
br.gov.se.sefaz.sae.oper.to.desmembramento.das.SelecionarItemDocDesmembram;TRANSACAO;SIM;
br.gov.se.sefaz.sae.oper.to.alteracao.dataRepasse.AlterarDataRepasseDAE;TRANSACAO;SIM;
br.gov.se.sefaz.sae.oper.to.desmembramento.das.AlterarDASDesmembramento;TRANSACAO;SIM;
br.gov.se.sefaz.sae.oper.to.cancelamento.dar.ConsultarDARCancelamento;TRANSACAO;SIM;
br.gov.se.sefaz.sae.oper.to.desmembramento.dae.ConfirmarDesmembrarDAE;TRANSACAO;SIM;
br.gov.se.sefaz.sae.oper.to.cadastro.conta.InserirContaBancaria;TRANSACAO;SIM;
br.gov.se.sefaz.sae.oper.to.inclusao.itemDae.InserirItemDAE;TRANSACAO;SIM;
br.gov.se.sefaz.sae.oper.to.alteracao.viaEletronica.SelecionarItemDAEManualViaEletronica;TRANSACAO;SIM;
br.gov.se.sefaz.sae.oper.to.desmembramento.das.ConfirmarDesmembramentoDAS;TRANSACAO;SIM;
br.gov.se.sefaz.sae.oper.to.desmembramento.itemDae.InserirItemDesmembramentoDAE;TRANSACAO;SIM;
br.gov.se.sefaz.sae.oper.to.desmembramento.itemDae.ListarItensDesmembramentoDAE;TRANSACAO;SIM;
br.gov.se.sefaz.sae.oper.to.cancelamento.dae.InformarMotivoCancelamentoDocumento;TRANSACAO;SIM;
br.gov.se.sefaz.sae.oper.to.alteracao.dataRepasse.ConfirmarAlteracaoDataRepasseDAE;TRANSACAO;SIM;
br.gov.se.sefaz.sae.oper.to.alteracao.formaRecolhimento.AlterarItemFormaRecolhimento;TRANSACAO;SIM;
br.gov.se.sefaz.sae.oper.to.alteracao.dadosConcBanc.ConfirmarAlteracaoDadosConciliacaoBancaria;TRANSACAO;SIM;
br.gov.se.sefaz.sae.oper.to.desmembramento.das.DesmembrarDAS;TRANSACAO;SIM;
br.gov.se.sefaz.sae.oper.to.cancelamento.dar.CancelarDARPeloNumero;TRANSACAO;SIM;
br.gov.se.sefaz.sae.oper.to.alteracao.dataRepasse.ConsultarDadosAlteracaoDataRepasse;TRANSACAO;SIM;
br.gov.se.sefaz.sae.oper.to.alteracao.formaRecolhimento.AlterarFormaRecolhimentoConfirmar;TRANSACAO;SIM;
br.gov.se.sefaz.sae.oper.to.desmembramento.gnre.ConfirmarDesmembramentoGNRE;TRANSACAO;SIM;
br.gov.se.sefaz.sae.oper.to.exclusao.ExcluirDoc;TRANSACAO;SIM;
br.gov.se.sefaz.sae.oper.to.alteracao.itemDAE.ListarDAEAlteracao;TRANSACAO;SIM;
br.gov.se.sefaz.sae.oper.to.alteracao.dae.SelecionarItemDAE;TRANSACAO;SIM;
br.gov.se.sefaz.sae.oper.to.alteracao.viaEletronica.AlterarItensDAEManualViaEletronica;TRANSACAO;SIM;
br.gov.se.sefaz.sae.oper.to.desmembramento.gnre.ListarDesmembramentoGNRE;TRANSACAO;SIM;
br.gov.se.sefaz.sae.oper.to.inclusao.itemDae.ListarItensDAE;TRANSACAO;SIM;
br.gov.se.sefaz.sae.oper.to.alteracao.dadosConcBanc.AlterarDadosConciliacaoBancaria;TRANSACAO;SIM;
br.gov.se.sefaz.sae.oper.to.baixaPendenciaContrib.BaixarPendenciaContrib;TRANSACAO;SIM;
br.gov.se.sefaz.sae.oper.to.cancelamento.dae.ConsultarDAECancelamento;TRANSACAO;SIM;
br.gov.se.sefaz.sae.oper.to.alteracao.inscricaoEstadual.ConsultarDadosAlteracaoInscricao;TRANSACAO;SIM;
br.gov.se.sefaz.sae.oper.to.alteracao.dae.AlterarItensDAE;TRANSACAO;SIM;
br.gov.se.sefaz.sae.oper.to.desmembramento.dae.CancelarDesmembrarDAE;TRANSACAO;SIM;
br.gov.se.sefaz.sae.oper.to.alteracao.dataArrecDAS.InformarDataArrecadacaoDAS;TRANSACAO;SIM;
br.gov.se.sefaz.sae.oper.to.desmembramento.dae.ExcluirItemDesmembramentoDAE;TRANSACAO;SIM;
br.gov.se.sefaz.sae.oper.to.alteracao.viaEletronica.AlterarViaEletronicaDAEManual;TRANSACAO;SIM;
br.gov.se.sefaz.sae.oper.to.alteracao.dataArrecDAS.AlterarDataArrecadacaoDAS;TRANSACAO;SIM;
br.gov.se.sefaz.sae.oper.to.alteracao.regularizarDAEDuplicado.ConsultarDAEDuplicado;TRANSACAO;SIM;
br.gov.se.sefaz.sae.oper.to.alteracao.docOrigem.AlterarDocOrigem;TRANSACAO;SIM;
br.gov.se.sefaz.sae.oper.to.desmembramento.dae.DesmembrarDAE;TRANSACAO;SIM;
br.gov.se.sefaz.sae.oper.to.alteracao.dar.AlterarDARConfirmar;TRANSACAO;SIM;
br.gov.se.sefaz.sae.oper.to.alteracao.gnre.ConsultarDadosGNRE;TRANSACAO;SIM;
br.gov.se.sefaz.sae.oper.to.inclusao.itemDae.ConsultarIncluirDAE;TRANSACAO;SIM;
br.gov.se.sefaz.sae.oper.to.alteracao.regularizarDAEDuplicado.RegularizarDAEDuplicado;TRANSACAO;SIM;
br.gov.se.sefaz.sae.oper.to.alteracao.dae.AlterarDAE;TRANSACAO;SIM;
br.gov.se.sefaz.sae.oper.to.alteracao.dataArrecDAE.InformarDataArrecadacaoDAE;TRANSACAO;SIM;
br.gov.se.sefaz.sae.oper.to.alteracao.gnre.AlterarGNREConfirmar;TRANSACAO;SIM;
br.gov.sefaz.se.sae.oper.to.substituicao.ConfirmarSubstituicaoDAE;TRANSACAO;SIM;
br.gov.se.sefaz.sae.oper.to.alteracao.docOrigem.AlterarItensDAEDocOrigem;TRANSACAO;SIM;
br.gov.se.sefaz.sae.oper.to.alteracao.docOrigem.SelecionarItemDAEDocOrigem;TRANSACAO;SIM;
br.gov.se.sefaz.sae.oper.to.desmembramento.das.ListarDesmembramentoDAS;TRANSACAO;SIM;
br.gov.se.sefaz.sae.oper.to.desmembramento.itemDae.DesmembrarItemDAE;TRANSACAO;SIM;
br.gov.se.sefaz.sae.oper.to.alteracao.itemDAE.ListarItemsDAE;TRANSACAO;SIM;
br.gov.se.sefaz.sae.oper.to.cancelamento.dae.ObterDAEParaCancelamento;TRANSACAO;SIM;
br.gov.se.sefaz.sae.oper.to.desmembramento.gnre.AlterarGNREDesmembramento;TRANSACAO;SIM;
br.gov.se.sefaz.sae.oper.to.desmembramento.gnre.AlterarGNREDesmembramentoConfirmar;TRANSACAO;SIM;
br.gov.se.sefaz.sae.oper.to.desmembramento.itemDae.DesmembrarItemDAEConfirmar;TRANSACAO;SIM;
br.gov.se.sefaz.sae.oper.to.desmembramento.das.ConcluirDesmembramDoc;TRANSACAO;SIM;
br.gov.se.sefaz.sae.oper.to.alteracao.inscricaoEstadual.ConfirmarAlteracaoDadosInscricaoEstadual;TRANSACAO;SIM;
br.gov.se.sefaz.sae.oper.to.desmembramento.itemDae.AlterarItemDesmembramentoDAE;TRANSACAO;SIM;
br.gov.se.sefaz.sae.oper.to.desmembramento.das.AlterarDASDesmembramentoConfirmar;TRANSACAO;SIM;
br.gov.se.sefaz.sae.oper.to.alteracao.itemDAE.ConsultarItemDAE;TRANSACAO;SIM;
br.gov.se.sefaz.sae.oper.to.alteracao.formaRecolhimento.ListarItensFormaRecolhimento;TRANSACAO;SIM;
br.gov.se.sefaz.sae.oper.to.cadastro.conta.CadastrarContaBancaria;TRANSACAO;SIM;
br.gov.se.sefaz.sae.oper.to.TransacaoOperacional;TRANSACAO;SIM;
br.gov.se.sefaz.sae.oper.to.alteracao.dar.ConsultarDadosDAR;TRANSACAO;SIM;
br.gov.se.sefaz.sae.oper.to.alteracao.inscricaoEstadual.AlterarDadosInscricaoEstadual;TRANSACAO;SIM;
br.gov.se.sefaz.sae.oper.to.cancelamento.dae.ConfirmarCancelamentoDocumento;TRANSACAO;SIM;
br.gov.se.sefaz.sae.talonario.to.excluirViaEletronica.ConfirmaExclusaoViaEletronica;TRANSACAO;SIM;
br.gov.se.sefaz.sae.talonario.to.reemitirTermo.ReemitirTermo;TRANSACAO;SIM;
br.gov.se.sefaz.sae.talonario.to.emitirTermoTransporteTalao.ListarUnidadeComTalaoDistribuido;TRANSACAO;SIM;
br.gov.se.sefaz.sae.talonario.to.devolverTalao.ConfirmarDevolucaoTalao;TRANSACAO;SIM;
br.gov.se.sefaz.sae.talonario.to.alterar.ValidarAlteracaoTalao;TRANSACAO;SIM;
br.gov.se.sefaz.sae.talonario.to.devolverTalao.ListarTalaoDistribuidoUnidade;TRANSACAO;SIM;
br.gov.se.sefaz.sae.talonario.to.emitirTermoEntregaTalao.ListarRegiaoComTalaoDistribuido;TRANSACAO;SIM;
br.gov.se.sefaz.sae.talonario.to.repassarTalao.ConfirmaRepasseTalao;TRANSACAO;SIM;
br.gov.se.sefaz.sae.talonario.to.devolverTalao.ConfirmaDevolucaoTalaoComMotivo;TRANSACAO;SIM;
br.gov.se.sefaz.sae.talonario.to.emitirTermoTransporteTalao.ConfirmarEmissoTermoUnidade;TRANSACAO;SIM;
br.gov.se.sefaz.sae.talonario.to.cancelarDAEManual.ListarTaloesUnidadeSupervisor;TRANSACAO;SIM;
br.gov.se.sefaz.sae.talonario.to.reativarDAEManualCancelado.ConsultaDAEParaReativacaoCancelado;TRANSACAO;SIM;
br.gov.se.sefaz.sae.talonario.to.repassarTalao.ListarTalaoRepasse;TRANSACAO;SIM;
br.gov.se.sefaz.sae.talonario.to.repasse.RegistrarRepasseTalao;TRANSACAO;SIM;
br.gov.se.sefaz.sae.talonario.to.repasse.RepassarTalao;TRANSACAO;SIM;
br.gov.se.sefaz.sae.talonario.to.repasse.ConfirmaRepassarTalao;TRANSACAO;SIM;
br.gov.se.sefaz.sae.talonario.to.ValidarNumeroDAEManual;TRANSACAO;SIM;
br.gov.se.sefaz.sae.talonario.to.baixarDAEManual.ListarDAEsParaBaixa;TRANSACAO;SIM;
br.gov.se.sefaz.sae.talonario.to.alterar.ValidarCorrecaoTalaoDAEManual;TRANSACAO;SIM;
br.gov.se.sefaz.sae.talonario.to.cadastrarTalao.CadastrarTalao;TRANSACAO;SIM;
br.gov.se.sefaz.sae.talonario.to.cadastrarTalao.ConfirmarCadastroTalao;TRANSACAO;SIM;
br.gov.se.sefaz.sae.talonario.to.devolverTalao.ListarTaloesParaDevolucao;TRANSACAO;SIM;
br.gov.se.sefaz.sae.talonario.to.receberTalao.ReceberTalao;TRANSACAO;SIM;
br.gov.se.sefaz.sae.talonario.to.reativarDAEManualCancelado.ReativarDAEManualCancelado;TRANSACAO;SIM;
br.gov.se.sefaz.sae.talonario.to.distribuirTalao.ConfimacaoDistribuicaoTalao;TRANSACAO;SIM;
br.gov.se.sefaz.sae.talonario.to.baixarDAEManual.RegistrarBaixaDAEManual;TRANSACAO;SIM;
br.gov.se.sefaz.sae.talonario.to.alterar.AlterarTalaoDAEManual;TRANSACAO;SIM;
br.gov.se.sefaz.sae.talonario.to.emitirTermoEntregaTalao.EmitirTermoEntrega;TRANSACAO;SIM;
br.gov.se.sefaz.sae.talonario.to.repassarTalao.ConfirmarRepasseTalaoSupervisor;TRANSACAO;SIM;
br.gov.se.sefaz.sae.talonario.to.cancelarDAEManual.CancelarDAEManual;TRANSACAO;SIM;
br.gov.se.sefaz.sae.talonario.to.emitirTermoEntregaTalao.ConfirmarEmissaoTermoRegiao;TRANSACAO;SIM;
br.gov.se.sefaz.sae.talonario.to.cancelarDAEManual.ListarDAEsTalao;TRANSACAO;SIM;
br.gov.se.sefaz.sae.talonario.to.distribuirTalao.ValidarDistribuicaoTalao;TRANSACAO;SIM;
br.gov.se.sefaz.sae.talonario.to.emitirExtratoTalaoPorUnidade.ExtratoTalao;TRANSACAO;SIM;
br.gov.se.sefaz.sae.talonario.to.TransacaoTalonario;TRANSACAO;SIM;
br.gov.se.sefaz.sae.talonario.to.cancelarDAEManual.AlterarHistoricoDAEManual;TRANSACAO;SIM;
br.gov.se.sefaz.sae.talonario.to.devolverTalao.ListarDAEsTalaoParaDevolucao;TRANSACAO;SIM;
br.gov.se.sefaz.sae.talonario.to.excluirViaEletronica.ConsultarViaEletronica;TRANSACAO;SIM;
br.gov.se.sefaz.sae.talonario.to.receberTalao.obterTaloesRecebimento;TRANSACAO;SIM;
br.gov.se.sefaz.sae.talonario.to.repassarTalao.RepassarTalaoSupervisor;TRANSACAO;SIM;
br.gov.se.sefaz.sae.talonario.to.cancelarDAEManual.ConsultaDAEParaCancelamento;TRANSACAO;SIM;
br.gov.se.sefaz.sae.talonario.to.alterar.CorrigirNumeroTalaoDAEManual;TRANSACAO;SIM;
br.gov.se.sefaz.sae.tb.conciliacaoBancaria.ProcessarArqMovConsolidadoDAE;BACKGROUNDPROCESS;SIM;
br.gov.se.sefaz.sae.tb.conciliacaoBancaria.ProcessarArqMovOnLineDAE;BACKGROUNDPROCESS;SIM;
br.gov.se.sefaz.sae.tb.conciliacaoBancaria.AtualizarValorRepasse;BACKGROUNDPROCESS;SIM;
br.gov.se.sefaz.sae.tb.base.DAEVencido;BACKGROUNDPROCESS;SIM;
br.gov.se.sefaz.sae.tb.conciliacaoBancaria.ProcessarArqMovConsolidadoGNREOnLine;BACKGROUNDPROCESS;SIM;
br.gov.se.sefaz.sae.tb.carga.GerarReplicacaoHostHistoricoPLSQL;BACKGROUNDPROCESS;SIM;
br.gov.se.sefaz.sae.tb.conciliacaoBancaria.GerarArquivoRepasseFinanceiroDAEBase;BACKGROUNDPROCESS;SIM;
br.gov.se.sefaz.sae.tb.conciliacaoBancaria.ProcessarArqMovOnLineGNRE;BACKGROUNDPROCESS;SIM;
br.gov.se.sefaz.sae.tb.conciliacaoBancaria.ProcessarArqMovConsolidadoDAS;BACKGROUNDPROCESS;SIM;
br.gov.se.sefaz.sae.tb.conciliacaoBancaria.GerarArqRepasseDAEResiduo;BACKGROUNDPROCESS;SIM;
br.gov.se.sefaz.sae.tb.conciliacaoBancaria.ProcessarArqErroRepasseDAE;BACKGROUNDPROCESS;SIM;
br.gov.se.sefaz.sae.tb.antecipacaoMensal.GerarInaptidaoSimplesNacional;BACKGROUNDPROCESS;SIM;
br.gov.se.sefaz.sae.tb.carga.GerarReplicacaoHostPLSQL;BACKGROUNDPROCESS;SIM;
br.gov.se.sefaz.sae.tb.conciliacaoBancaria.ProcessarArqMovConsolidadoIPVA;BACKGROUNDPROCESS;SIM;
br.gov.se.sefaz.sae.tb.antecipacaoMensal.AtualizarDAEMensalLiminarCassada;BACKGROUNDPROCESS;SIM;
br.gov.se.sefaz.sae.tb.correcao.CorrigirDadosGNRE;BACKGROUNDPROCESS;SIM;
br.gov.se.sefaz.sae.tb.correcao.CorrigirNumeroTalaoDAEManual;BACKGROUNDPROCESS;SIM;
br.gov.se.sefaz.sae.tb.relatorios.GerarSituacaoDAEMensal;BACKGROUNDPROCESS;SIM;
br.gov.se.sefaz.sae.tb.antecipacaoMensal.GerarInaptidaoDAE;BACKGROUNDPROCESS;SIM;
br.gov.se.sefaz.sae.tb.arquivo.GerenciadorArquivos;BACKGROUNDPROCESS;SIM;
br.gov.se.sefaz.sae.tb.conciliacaoBancaria.GerarArqRepasseDAE;BACKGROUNDPROCESS;SIM;
br.gov.se.sefaz.sae.tb.gnre.ConsultarLotesContingencia;BACKGROUNDPROCESS;SIM;
br.gov.se.sefaz.sae.tb.conciliacaoBancaria.ProcessarArqChequeDevolvido;BACKGROUNDPROCESS;SIM;
br.gov.se.sefaz.sae.tb.correcao.AlterarCodigoDeBarras;BACKGROUNDPROCESS;SIM;
br.gov.se.sefaz.sae.tb.antecipacaoMensal.ExcluirInaptidaoSimplesNacional;BACKGROUNDPROCESS;SIM;
br.gov.se.sefaz.sae.tb.arquivo.ProcessarArquivoRecebidoBase;BACKGROUNDPROCESS;SIM;
br.gov.se.sefaz.sae.tb.antecipacaoMensal.GerarDAEMensal;BACKGROUNDPROCESS;SIM;
br.gov.se.sefaz.sae.tb.chequeDevolvido.BaixaCheqDevPrescrito;BACKGROUNDPROCESS;SIM;
br.gov.se.sefaz.sae.tb.conciliacaoBancaria.ProcessarArqMovConsolidadoGNRE;BACKGROUNDPROCESS;SIM;
br.gov.se.sefaz.sae.tb.arquivo.ReceberArquivo;BACKGROUNDPROCESS;SIM;
br.gov.se.sefaz.sae.tb.antecipacaoMensal.ExcluirInaptidaoDAE;BACKGROUNDPROCESS;SIM;
br.gov.se.sefaz.sae.tb.conciliacaoBancaria.ProcessarCompensacaoCheque;BACKGROUNDPROCESS;SIM;
br.gov.se.sefaz.sae.tb.conciliacaoBancaria.GerarArqRepasseBB;BACKGROUNDPROCESS;SIM;
br.gov.se.sefaz.sae.tb.conciliacaoBancaria.ProcessarArqMovOnLineGNREOnLine;BACKGROUNDPROCESS;SIM;
br.gov.se.sefaz.sae.ti.SAEIntegracaoSIT;[CONSTANTESEMISSAODAE];SIM;
br.gov.se.sefaz.sae.ti.SAEIntegracaoSAP;UNDEFINED;SIM;
br.gov.se.sefaz.sae.ti.SAEIntegracaoSPED;UNDEFINED;SIM;
br.gov.se.sefaz.sae.ti.SAEIntegracaoSAF;UNDEFINED;SIM;
br.gov.se.sefaz.sae.ti.SAEIntegracaoSRC;UNDEFINED;SIM;
br.gov.se.sefaz.sae.ti.SAEIntegracaoSIC;UNDEFINED;SIM;
br.gov.se.sefaz.sae.ti.SAEIntegracaoITCMD;UNDEFINED;SIM;
br.gov.se.sefaz.sae.util.campo.CamposSAE;[CONSTANTES, CONSTANTESEMISSAODAE];SIM;
br.gov.se.sefaz.sae.util.ConstantesIPVA;UNDEFINED;SIM;
br.gov.se.sefaz.sae.util.data.DatasSAE;[CONSTANTESEMISSAODAE];SIM;
br.gov.se.sefaz.sae.util.ParametrosSAE;PARAMETROS;SIM;
br.gov.se.sefaz.sae.util.Excecao;EXCEPTION;SIM;
br.gov.se.sefaz.sae.util.Credencial;[BR.GOV.SE.SEFAZ.TRANS.CREDENCIAL];SIM;
br.gov.se.sefaz.sae.gnre.ws.contingencia.xml.ObjectFactory;UNDEFINED;SIM;
br.gov.se.sefaz.sae.gnre.ws.contingencia.xml.TContgGNRE;ENTITY;SIM;
br.gov.se.sefaz.sae.gnre.ws.contingencia.xml.GnreCabecMsg;ENTITY;SIM;
br.gov.se.sefaz.sae.gnre.ws.contingencia.WsContingencia;UNDEFINED;SIM;
br.gov.se.sefaz.sae.gnre.ws.contingencia.xml.TContgSolicGNRE;ENTITY;SIM;
br.gov.se.sefaz.sae.gnre.ws.contingencia.xml.TRetornoGNRE;ENTITY;SIM;
br.gov.se.sefaz.sae.gnre.ws.contingencia.xml.XMLConvert;UNDEFINED;SIM;
